basic_level,in_cdi,CDI_form
meerkat,F,
parsley,F,
the+new+baby,T,baby
delivery+man,T,man
the+pigeon+finds+a+hot+dog,F,
dont+let+the+pigeon+drive+the+bus,F,
dino+suit,F,
shampoo,F,
flyer,F,
tarzan,F,
loveseat,F,
sam,F,
ladybug+girl,T,girl
lulu,F,
stinger,F,
bumblebee+boy,T,boy
kiki,F,
marley,F,
butterfly+girl,T,girl
dragonfly+girl,T,girl
my+friends,F,
active+baby+healthy+brain,F,
litter+box,T,box
boxers,F,
the+book+of+animals,T,animal
meera,F,
manger,F,
joseph,F,
elliptical,F,
hip+flexor,F,
riesling,F,
taters,F,
bra,F,
toothpick+holder,F,
crusts,F,
snowmen+at+christmas,F,
sweets,F,
constellation,F,
smores,F,
marshmallow,F,
shadow,F,
listen+to+the+wind+the+story+of+dr+greg+and+three+cups+of+tea,F,
dr+greg,F,
haji+ali,F,
lumber,F,
sher+takhi,F,
hussein,F,
julia,F,
leggings,F,
i+stink,F,
piston,F,
blade,F,
apple+cores,T,apple
diaperna,F,
eggshell,T,egg
radishes,F,
rind,F,
yams,F,
im+dirty,T,dirty
barbecue,F,
toilet+seat,F,
sprinkles,F,
wash,T,wash
happy+hippo+angry+duck,F,
if+you+give+a+donkey+a+carrot,F,
muffin+mix,F,
moby,F,
eyelid,F,
snubbulls,F,
baby+armor,T,baby
fridgerator,F,
voice+box,F,
kamut,F,
vegetables,F,
just+me+and+my+mom,T,mommy
stranger+danger,F,
the+wheels+on+the+bus,T,bus
baked+ziti,F,
wraps,F,
perfume,F,
beggar,F,
woodcutter,F,
mantle,F,
faucet,F,
goldilocks,F,
liner,F,
organizer,F,
mommy+hugs,T,mommy
sweet+dreams+roo,F,
kanga,F,
olivia,F,
nosefrida,F,
readings+in+ancient+greek+philosophy+from+thales+to+aristotle,F,
ginger,F,
feta,F,
saline,F,
licorice,F,
chamomile,F,
rib,F,
mr+wuffles,F,
time+for+bed,T,bed
paddington,F,
north+face,F,
night+cap,F,
jam+jams,T,pajamas
cyborg,F,
oaties,F,
bassinet,F,
moisturizer,F,
deodorant,F,
llama+llama+misses+mama,F,
cat+the+cat+who+is+that,T,cat
blargie+blargie,F,
bugs,T,bug
what+shape+am+i,F,
soup+mix,F,
sliders,F,
breadcrumbs,F,
skillet,F,
baby+bjorn,F,
yolk,F,
patties,F,
chevy,F,
how+many+kisses+do+you+want+tonight,F,
flutterby,F,
little+neigh,F,
little+pooch,F,
little+girl,T,girl
curl,F,
little+boy,T,boy
toothbrush+holder,T,toothbrush
eye+tracker,T,eye
syringe,F,
sleeper,F,
little+maine,F,
bud,F,
shellfish,F,
pine,F,
mussel,F,
seagull,F,
theres+a+wocket+in+my+pocket,F,
zelf,F,
zable,F,
bofa,F,
knee+highs,F,
mullet,F,
tab,F,
hibachi,F,
q+tip,F,
hop+on+pop,F,
wocket,F,
redbox,F,
the+judge,F,
coke,F,
shake+it,F,
red,F,
ted,F,
ed,F,
ned,F,
jim,F,
pat,F,
pop,F,
mr+moo,F,
vestibule,F,
m+ms,F,
chicken+noodle,T,chicken
master+yoda,F,
ibuprofen,F,
bleach,F,
snow+pants,T,pants
dusty,F,
pork+chops,F,
spiderweb,F,
elderberry,F,
balloony,T,balloon
tutu,F,
sleeping+bag,F,
craft,F,
cotton+ball,F,
tiana,F,
aurora,F,
mule,F,
shop+vac,F,
t+n+t,F,
slingshot,F,
librarian,F,
marsupial,F,
lucky+charms,F,
the+flash,F,
bibber,F,
fortress,F,
hot+cocoa,F,
the+empire+strikes+back,F,
skywalker,F,
tauntaun,F,
wampa,F,
chewbecca,F,
kryptonite,F,
wedge,F,
imperial+walker,F,
hoth,F,
star+destroyer,F,
boulder,F,
jessie,F,
elmo+goes+potty,F,
v+h+s,F,
pancetta,F,
tortellinis,F,
lemon+zester,F,
garlic+press,F,
burglar,F,
catwoman,F,
just+beechnut,F,
batwoman,F,
neosporin,F,
wonderwoman,F,
chicklet,F,
diaper+genie,T,diaper
orangemen,F,
brow,F,
cool+whip,F,
honeycrisp,F,
kibble,F,
leprechaun,F,
ginger+ale,F,
nectar,F,
biscuits+pet+and+play+easter,F,
vtech,F,
ad,F,
english+muffins,F,
bop,F,
swaddler,F,
burrito,F,
stage,F,
soother,F,
sea+dreams,F,
whiskers,F,
potpourri,F,
canvas,F,
dropper,F,
panini,F,
sophie+pop+up+peekaboo,F,
mechanic,F,
toyota+matrix,F,
s+n+s,F,
floss,F,
tempeh,F,
probiotics,F,
red+hot,F,
ice+cube+tray,F,
sleep+suit,F,
babys+day,T,baby
vinegar,F,
mantis,F,
clothing,F,
steamer,F,
jungle+rumble,F,
shamrock,F,
ear+drops,F,
hello+animals,F,
a+good+day,F,
dock,F,
tuna,F,
scallops,F,
seafood,F,
fish+fry,T,fish
blondie,F,
doritos,F,
sweet+dreams,F,
magenta,F,
coffee+grinder,F,
cantaloupey,F,
arms,F,
mortimer,F,
cashier,F,
susan+jane+window+pane,F,
templeton,F,
frederick,F,
bath+wash,T,bath
make+up,F,
easel,F,
shark+floor+cleaner,F,
a+and+d,F,
binky+holder,F,
oball,F,
price+checker,F,
rod,F,
cheeseburgers,F,
flier,F,
captain+crunch,F,
perrys,F,
synthroid,F,
nuby,F,
v+eight,F,
cheeks,F,
bottoms,F,
juggler,F,
nugget,F,
cemetery,F,
snuggle+buggle,F,
babars+yoga+for+elephants,F,
archaeologist,F,
shrine,F,
master+sir+sri+mahesh,F,
cornelius,F,
mahesh,F,
skyscraper,F,
elephants+cannot+dance,T,elephant
what+can+elephants+do,T,elephant
visa,F,
fruit+and+nut,F,
moonshine,F,
gas+station,F,
herb,F,
tread,F,
nyquil,F,
sweats,F,
turtleneck,F,
whiskey,F,
rifle,F,
laundromat,F,
blindfold,F,
river+bend,F,
play+pen,F,
juice+box,T,juice
mushu,F,
mr+booty,F,
mr+poopoo,F,
inspector+gadget,F,
peanut+butter+and+sugar,F,
segway,F,
sperrys,F,
mario,F,
bomb,F,
headphone,F,
peanut+butter+chocolate,F,
scrubbie,F,
walt+disney,F,
walt,F,
nose+plugger,F,
throne,F,
susie,F,
polo,F,
runaway+bunny,T,bunny
mountain+climber,F,
gardener,F,
circus,F,
mint,F,
dreamcatcher,F,
skeleton,F,
dyson,F,
pantyhose,F,
cuddles,F,
tuner,F,
court,F,
washer+fluid,F,
lemon+squisher,F,
tarp,F,
trimmers,F,
kerosene,F,
farm+loader,F,
medication,F,
ten+apples,T,apple
you+are+my+baby,T,baby
ratatouille,F,
bobsled,F,
eye+drop,T,eye
omelettes,F,
maple,F,
trellis,F,
ivy,F,
b+l+t,F,
bisquick,F,
cigar,F,
shades,F,
lavender,F,
my+world,F,
target,F,
chus+day,F,
chu,F,
diner,F,
iced+tea,F,
jerk,F,
cornflake,F,
piggies,T,pig
rock+n+play,F,
optimus+prime,F,
lawyer,F,
keen,F,
hand+dryer,F,
artichoke+heart,F,
fennel,F,
leeks,F,
scallion,F,
pediatrician,F,
bok+choy,F,
bean+sprouts,F,
tortillas,F,
chobanis,F,
coconut+water,F,
fiddlehead,F,
puff+pastry,F,
ouzo,F,
waffle+iron,F,
goldfishes,F,
pooch,F,
climber,F,
tightrope+walker,F,
cardigan,F,
anakin+skywalker,F,
laundry+line,F,
clothesline,F,
man+with+the+yellow+hat,F,
netting,F,
goldilocks+and+the+three+dinosaurs,F,
amanda,F,
eyeliner,F,
jasmine,F,
drug,F,
bloomers,F,
purees,F,
limes,F,
creamsicle,F,
smock,F,
filter,F,
chopper,F,
tack,F,
kidney,F,
dove,F,
fan+blade,F,
power+washer,F,
drywall,F,
thorn,F,
dusty+miller,F,
delphinium,F,
chives,F,
peppermint,F,
horseradish,F,
pansy,F,
water+can,F,
seagul,F,
yellow+jacket,F,
the+rainbabies,F,
tuxedo,F,
papr,F,
sookie,F,
squiggles,F,
frigerator,F,
sambo,F,
laundry+machine,F,
fire+station,F,
signs+for+bathtime,F,
the+first+hundred+animals,F,
the+very+hungry+caterpiller,F,
beam,F,
the+opposites,F,
bath+time+signs,F,
david+brooks,F,
lacrosse+stick,F,
walter,F,
nana,F,
audrey,F,
van+gogh,F,
casino,F,
watkins+glen,F,
national+baseball+hall+of+fame,F,
snowboarder,F,
adirondacks,F,
slope,F,
times+square,F,
mark+shields,F,
headboard,F,
scales,F,
swings,F,
tennis+court,F,
canoe,F,
muscles,F,
spongebob+squarepants,F,
spongebob,F,
squarepants,F,
mr+krabs,F,
bicep,F,
cologne,F,
sub,F,
chicken+cordon+bleu,F,
brisket,F,
beef+brisket,F,
chocolate+chips,F,
sound+machine,F,
godzilla,F,
subs,F,
mojito,F,
rosin,F,
pepsi,F,
black+beans+and+rice,F,
jalapeno,F,
pack+n+play,F,
otterbox,F,
booster+seat,F,
chicken+stock,F,
jumperoo,F,
gizmo+pal,F,
paddle,F,
catalogue,F,
pager,F,
calculator,F,
artichokes,F,
jicama,F,
sprouts,F,
okra,F,
snaps,F,
yardstick,F,
d+v+d+player,F,
vinaigrette,F,
kiss+your+sister+rose+marie,F,
baby+boo,T,baby
rose+marie,F,
dozer,F,
zombie,F,
backwards+bob,F,
northern+nightmare,F,
dragons+breath,F,
mater,F,
wheelchair,F,
breathing+tube,F,
crocs,F,
lorna+doones,F,
saltine,F,
fire+truck+toy,T,firetruck
mummums,F,
skittles,F,
mangos,F,
scallop,F,
mini,F,
prosecco,F,
coconut+ice+cream,T,icecream
sinker,F,
preschool,F,
ice+cream+shop,T,icecream
mary+poppins,F,
street+cleaner,F,
levine,F,
slushy,F,
butterfinger,F,
reeses,F,
peppermint+patties,F,
sundae,F,
powerade,F,
lumiere,F,
cogsworth,F,
forte,F,
mrs+potts,F,
shutters,F,
maid+of+the+mist,F,
fitbit,F,
capri,F,
booster,F,
cupholder,F,
rice+cooker,F,
corn+maze,F,
elixir,F,
llama+llama+hippity+hop,F,
ten+tiny+toes,T,toe
cuppy,F,
wheres+babys+mommy,T,mommy
bedspread,F,
hots,F,
hamburgers,F,
gel,F,
pigtails,F,
snowsuit,F,
splash+pad,F,
ipod,F,
wrestler,F,
ribs,F,
food+coloring,F,
sling,F,
cosmos,F,
spit+up+paper+towel,F,
s+u+v,F,
nice,T,nice
charm,F,
garnet,F,
gravy,F,
saddle,F,
mini+wheat,F,
bopper,F,
pizza+pockets,T,pizza
smarties,F,
giant,F,
ferb,F,
phineas,F,
platypus,F,
mesh+feeder,F,
command+center,F,
nightcrawler,F,
mortician,F,
priest,F,
nun,F,
beanie,F,
harness,F,
shuttle,F,
highway,F,
goopy,F,
souffle,F,
cookie+cutters,F,
snow+globe,F,
momo,F,
edelweiss,F,
lemondrop,F,
akee,F,
rum,F,
lunchbox,F,
cliffords+birthday+party,F,
cliffords+good+deeds,F,
cliffords+christmas,F,
nighty+night,F,
jim+jams,F,
curious+george+at+the+aquarium,F,
the+berenstain+bears+and+the+blame+game,F,
vase,F,
dustpan,F,
the+berenstain+bears+go+to+the+moon,F,
croutons,F,
bunk,F,
python,F,
tracker,F,
coatimundi,F,
cuscus,F,
coral,F,
reef,F,
ipples,F,
baniiniis,F,
wipes,F,
gummy,F,
sausages,F,
chicken+patties,T,chicken
ribber,F,
pavilion,F,
tater+tot,F,
sideburn,F,
bunion,F,
little+toot,F,
color+crunch,F,
bagel+thins,F,
wump,F,
mr+gump,F,
sweatpants,F,
cankle,F,
boxer,F,
petes+a+pizza,T,pizza
checker,F,
pizza+maker,T,pizza
saxophone,F,
lifeguard,F,
gymnast,F,
doctor+bronner,F,
shanice,F,
wings,F,
juices,T,juice
dumplings,F,
adonis,F,
ron+hardy,F,
frankie+knuckles,F,
hurley,F,
rocky+jones,F,
sherman,F,
colin+faver,F,
larry+levan,F,
tony+humphries,F,
timmy+regisford,F,
boyd+jarvis,F,
shep+pettibone,F,
jellybean+benitez,F,
colonel+abrams,F,
paul+scott,F,
cabin,F,
temple,F,
cornstarch,F,
banner,F,
referee,F,
baby+monitor,T,baby
breast+pump,F,
gruyere,F,
parmesan,F,
brussels+sprout,F,
pastry,F,
cop+car,T,car
back+scratcher,F,
warmer,F,
hocker,F,
prescription,F,
heels,F,
high+heel,F,
alex,F,
toilet+training+in+less+than+a+day,F,
quarter,F,
changing+station,F,
hersheys+kiss,F,
no+matter+what,F,
small,F,
large,F,
good+night+gorilla,F,
eat+organic+baby,T,baby
swiffer,F,
sauna,F,
thyme,F,
brew,F,
fritter,F,
mount+everest,F,
conditioner,F,
nose+sucker,F,
what+does+baby+love,T,baby
hugs+and+kisses,T,kiss
all+kinds+of+kisses,T,kiss
pete+the+cat+valentines+day+is+cool,F,
callie,F,
larry,F,
trey,F,
josh,F,
rob,F,
john,F,
mr+ted,F,
mrs+gold,F,
crossing+guard,F,
police,F,
kiss,T,kiss
sleeping+beauty,F,
michelangelo,F,
leonardo,F,
mahi+mahi,F,
novel,F,
enchiladas,F,
loaves,F,
seasoning,F,
fortune,F,
taco+mix,F,
toy+chest,T,toy
cheetos,F,
grinder,F,
island,F,
mortar+and+pestle,F,
holster,F,
pajama+time,T,pajamas
coil,F,
shape+up,F,
skippyjon+jones,F,
crescent,F,
color+crazy,F,
chihuahua,F,
impact+driver,F,
airfoil,F,
deep+fryer,F,
tide,F,
screen+saver,F,
jungle+friends,F,
speed+bump,F,
kickplate,F,
a+t+v,F,
handlebar,F,
firepit,F,
sap,F,
pedestal,F,
karo,F,
binkadabink,F,
baby+loves+to+boogie,T,baby
ape,F,
eel,F,
woodpecker,F,
the+nose+book,T,book
one+hundred+first+words,F,
ghair,F,
nooth+grush,F,
nupboard,F,
sponge+holder,F,
bedding,F,
the+hungry+caterpillar,F,
waist,F,
lab,F,
grabber,F,
diatey,F,
mittens+at+school,F,
fancy+nancy+and+the+too+loose+tooth,F,
armor,F,
men,F,
do,F,
kote,F,
chinchilla,F,
guard,F,
panel,F,
r+v,F,
parfait,F,
certificate,F,
arbys+happy+hats,F,
arby+junior,F,
blistex,F,
change,F,
dime,F,
whose+baby+am+i,T,baby
lady,F,
c+d+case,F,
noisemaker,F,
tortoise,F,
coyote,F,
kangaroosy,F,
champagne,F,
mimosa,F,
tool+kit,F,
bloody+mary,F,
pitbull,F,
matzo,F,
floam,F,
mount,F,
the+day+the+crayons+quit,F,
albuquerque,F,
pooh+and+friends+first+contest,F,
linkydoo,F,
lunchables,F,
trophy,F,
headlight,F,
ford,F,
chicken+mcnuggets,T,chicken
bird+feed,T,bird
morning+glory,T,morning
annual,F,
perennial,F,
woodchuck,F,
lattice,F,
shortalls,F,
hash,F,
tabasco,F,
corned+beef,F,
carhartts,F,
cue,F,
pick+up,F,
gin,F,
vodka+tonic,F,
chew,F,
welder,F,
i+love+you+through+and+through,F,
flame,F,
coors+light,F,
jameson,F,
cliff,F,
comforter,F,
stake,F,
margaritas,F,
meats,F,
soapy,F,
relish,F,
faceplate,F,
wookie,F,
palette,F,
rug+doctor,F,
drops,F,
sperry,F,
diary,F,
torch,F,
sansa,F,
littlefinger,F,
leech,F,
the+hulk,F,
stairwell,F,
label,F,
duct,F,
thermostat,F,
sleep+sack,F,
motrin,F,
ice+cream+maker,T,icecream
poutine,F,
book+of+sleep,T,book
desktop,F,
pantsies,F,
aphid,F,
praying+mantis,F,
sparrow,F,
boa+constrictor,F,
dalmatian,F,
pongo,F,
perdy,F,
lets+go+visiting,F,
beers,F,
boogie+sucker,F,
tramp,F,
moss,F,
contact,F,
cheesies,F,
bangs,F,
growler,F,
hamstring,F,
barre,F,
ranch,F,
lager,F,
drainer,F,
where+the+wild+things+are,F,
wild+thing,F,
almond,F,
futon,F,
manual,F,
bolster,F,
stretcher,F,
my+first+christmas+monkey,F,
fanfan,F,
article,F,
boar,F,
token,F,
glow+stick,F,
lure,F,
jujube,F,
tater+tots,F,
roomba,F,
coffee+maker,T,coffee
grounds,F,
very+hungry+caterpillar,F,
docker,F,
pastor,F,
chowder,F,
good+night+new+york+state,F,
galosh,F,
oreos,F,
pierogies,F,
scones,F,
i+can+do+it,F,
skort,F,
opposite+book,F,
sriracha,F,
pottery,F,
c+r+v,F,
accord,F,
sparkles,F,
dumpling,F,
bubble+wrap,F,
amaranth,F,
tele,F,
be+the+musician,F,
snack,F,
homer+the+library+cat,T,cat
boxcar,F,
locomotive,F,
little+green+peas,F,
door+frame,F,
menu,F,
five+hour+energies,F,
red+bull,F,
barracuda,F,
orange+pear+apple+bear,T,bear
pop+tart,F,
pouchy,F,
caramels,F,
optimus,F,
china,F,
calico+critter,F,
scope,F,
veggie+straws,F,
john+deer,F,
long+sleeve,F,
short+sleeve,F,
bobcat,F,
jaguarundi,F,
margay,F,
bumbley,F,
uniform,F,
wood+chip,F,
skeeter,F,
raft,F,
haddock,F,
frittata,F,
skwish,F,
vanity,F,
patio,F,
dill,F,
peanut+butter+jelly,F,
cover+up,F,
clams,F,
linen,F,
socket,F,
four+ninety,F,
namaste,F,
jacuzzi,F,
hot+tub,F,
spritzers,F,
awning,F,
kayak,F,
face+wash,F,
john+deere,F,
pitchfork,F,
ella,F,
bibby,T,bib
compass,F,
mustards,F,
fudge,F,
taggy,F,
leap+pad,F,
leapster,F,
ketchups,F,
swamp,F,
spoony,F,
pocahontas,F,
rumpelstiltskin,F,
merida,NA,
kashi,NA,
bedskirt,NA,
doorstop,NA,
burlap,NA,
anna+and+elsa,NA,
popcorn+maker,NA,
elastic,NA,
squishy,NA,
lighter,NA,
life+jacket,NA,
swim+suit,NA,
three+little+pigs,NA,
maggot,NA,
pew,NA,
mansion,NA,
whats+in+the+ocean,NA,
bottle+cleaner,NA,
post+office,NA,
sidewalks,NA,
dashboard,NA,
big+mac,NA,
chromebook,NA,
dr+pepper,NA,
nightstand,NA,
ernies+touchdown,NA,
i+d,NA,
swimsuit,NA,
brownies,NA,
mousse,NA,
trike,NA,
frappuccino,NA,
box+spring,NA,
gazpacho,NA,
casserole,NA,
subaru+forester,NA,
dos+equis,NA,
negra+modelo,NA,
amp,NA,
fajitas,NA,
cowlick,NA,
lentil,NA,
jelly+beans,NA,
pol,NA,
girdle,NA,
soy,NA,
prosobee,NA,
pina+coladas,NA,
daiquiris,NA,
rampart,NA,
pedialyte,NA,
paper+clip,NA,
recyclables,NA,
shepherd,NA,
tamp,NA,
film,NA,
sunrise+begins,NA,
i+like+berries+do+you,NA,
mr+toads+wild+ride,NA,
easter+with+max+and+ruby,NA,
musical+celebration,NA,
ringsling,NA,
ergo,NA,
home+depot,NA,
charlie+brown,NA,
bulls+eye,NA,
moses,NA,
staff,NA,
joshua,NA,
u+f+o,NA,
jammy,NA,
unders,NA,
margarita,NA,
gus,NA,
clay,NA,
trim,NA,
porridge,NA,
dots,NA,
stamper,NA,
blouse,NA,
silverfish,NA,
cinnamon+malt,NA,
marty,NA,
melman,NA,
romaine,NA,
nozzle,NA,
taffy,NA,
g+m+c+terrain,NA,
cobalt,NA,
worcestershire,NA,
snort,NA,
sour+cream,NA,
baguette,NA,
naans,NA,
tater,NA,
saran+wrap,NA,
turkey+and+rice,NA,
panda+pals,NA,
jeggings,NA,
childrens+bible,NA,
snow+suit,NA,
gloves,NA,
found,NA,
ragout,NA,
dump+truck,NA,
concrete,NA,
queso,NA,
veggie+monster,NA,
crostini,NA,
risotto,NA,
parsnips,NA,
juicena,NA,
trail,NA,
ryder,NA,
pup+pack,NA,
rubble,NA,
skye,NA,
rocky,NA,
zuma,NA,
hovercraft,NA,
turkey+baster,NA,
and+the+cow+said+moo,NA,
lip+gloss,NA,
clark,NA,
mrs+inkydink,NA,
mackerel,NA,
the+big+book+of+paw+patrol,NA,
dalmation,NA,
cockapoo,NA,
labrador,NA,
grease,NA,
hot+pockets,NA,
highlighter,NA,
trowel,NA,
wonton,NA,
pump,NA,
silly+putty,NA,
fanny+pack,NA,
happy+easter+curious+george,NA,
corral,NA,
swirl,NA,
oh+the+thinks+you+can+think,NA,
danish,NA,
custard,NA,
pledge,NA,
chops,NA,
bucks,NA,
prong,NA,
bathrobe,NA,
qui+gon,NA,
rocker,NA,
twinkie,NA,
vet,NA,
little+miss+muffet,NA,
tuffet,NA,
curds,NA,
whey,NA,
x+men,NA,
magneto,NA,
black+panther,NA,
sabretooth,NA,
spare+ribs,NA,
mudder,NA,
dart,NA,
loki,NA,
aunt+may,NA,
jesse,NA,
thor,NA,
mjolnir,NA,
spreader,NA,
alfred,NA,
tulip,NA,
best,NA,
flip+flops,NA,
corona,NA,
turnip,NA,
ruffles,NA,
date,NA,
liver,NA,
fedora,NA,
dunkaroo,NA,
birdseed,NA,
tampon,NA,
zip+line,NA,
drawers,NA,
cherub,NA,
handsy,NA,
sangria,NA,
hearing+aid,NA,
alarm,NA,
tick,NA,
clavicle,NA,
frog+man,NA,
joint,NA,
watermelons,NA,
vocal+cords,NA,
peeler,NA,
propane,NA,
benadryl,NA,
sirloin,NA,
racket,NA,
infant,NA,
fluoride,NA,
console,NA,
outback,NA,
cam,NA,
gooseberry,NA,
pot+scrubber,NA,
beeper,NA,
blazer,NA,
khakis,NA,
anne+of+green+gables,NA,
bink+and+gollie+best+friends+forever,NA,
gollie,NA,
aunt+natasha,NA,
mr+eccles,NA,
mrs+eccles,NA,
why+should+you+be+shorter+than+your+friends,NA,
stretch+o+matic,NA,
kudos+bink+and+gollie,NA,
edna+odell,NA,
mr+jerome+gardner,NA,
flickers+arcana,NA,
bungalow,NA,
trunks,NA,
baby+colors,NA,
flower+bed,NA,
baby+giggles,NA,
touch+and+feel,NA,
i+love+you+very+much,NA,
carburetor,NA,
sandpaper,NA,
cob,NA,
nonpareil,NA,
fabric,NA,
scallions,NA,
ultimate+shagger,NA,
munchkin,NA,
jam+and+bread,NA,
stingray,NA,
the+digger,NA,
baby+pets,NA,
morley,NA,
apple+plum,NA,
ray,NA,
radio+holder,NA,
mascara,NA,
gnat,NA,
goulash,NA,
if+youre+happy,NA,
hog,NA,
cheekbone,NA,
centipede,NA,
optimus+primo,NA,
guava,NA,
cicada,NA,
burritos,NA,
nutella,NA,
squeezer,NA,
hibiscus,NA,
high+time+for+heroes,NA,
pine+sol,NA,
the+very+excited+big+tiger,NA,
the+shy+little+kitten,NA,
loft,NA,
barley,NA,
apricot,NA,
paycheck,NA,
element,NA,
tucan,NA,
frosted+flakes,NA,
rotor,NA,
armored+pit,NA,
fingy,NA,
pita,NA,
pit+bull,NA,
i+love+you+daddy,NA,
if+you+give+a+mouse+a+cookie,NA,
nail+scissors,NA,
nail+clippers,NA,
screens,NA,
ring+sling,NA,
coffee+machine,NA,
make+way+for+ducklings,NA,
mallard,NA,
lack,NA,
mack,NA,
nack,NA,
ouack,NA,
kack,NA,
quack,NA,
michael,NA,
lets+dance+little+pookie,NA,
little+pookie,NA,
bath+bomb,NA,
fruit+flat,NA,
brain+rules+for+baby,NA,
hershey+kiss,NA,
instrument,NA,
taco+pie,NA,
taco+dip,NA,
mayo,NA,
miracle+whip,NA,
lemon+juice,NA,
tablespoon,NA,
laundry+chute,NA,
allosaurus,NA,
dr+bearson,NA,
tool,NA,
tamper,NA,
yanker,NA,
squirter,NA,
the+berenstain+bears+mad+mad+mad+toy+craze,NA,
tree+house,NA,
beary+bubby,NA,
cousin+fred,NA,
booby+beary,NA,
skywriter,NA,
berenstain+bears,NA,
gem,NA,
air+compressor,NA,
wizard,NA,
wallpaper,NA,
microscope,NA,
pastel,NA,
masher,NA,
breaker,NA,
flamethrower,NA,
drawing,NA,
pringles,NA,
capris,NA,
crock+pot,NA,
bubblegum,NA,
raincoat,NA,
tadpole,NA,
whipped+cream,NA,
stencil,NA,
ziploc,NA,
processor,NA,
bear+snores+on,NA,
lair,NA,
raven,NA,
wren,NA,
strudel,NA,
schnitzel,NA,
arnold,NA,
goodfellas,NA,
mazda,NA,
fiesta,NA,
rye,NA,
pill+bottle,NA,
blackbird,NA,
pram,NA,
honeydew,NA,
disposal,NA,
gong,NA,
knocker,NA,
carseat,NA,
trucky,NA,
bouncy+house,NA,
amelia+bedelia,NA,
checkbook,NA,
sun+screen,NA,
sandcastle,NA,
woodchips,NA,
the+pigeon,NA,
i+love+you+as+much,NA,
mill,NA,
omelet,NA,
thats+not+my+goat,NA,
weed+wacker,NA,
pirates+day+at+sea,NA,
porthole,NA,
captain+redbeard,NA,
bear+learns+to+be+brave,NA,
smokey,NA,
sparky,NA,
squirty,NA,
snozzle,NA,
p+b+js,NA,
octapus,NA,
mango+kiwi+papaya,NA,
sprout,NA,
greenhouse,NA,
flake,NA,
die,NA,
melt,NA,
orthodontist,NA,
little+louisiana,NA,
tootle,NA,
clothespin,NA,
pizza+wheel,NA,
tangerine,NA,
millet,NA,
leotard,NA,
fig+newton,NA,
mint+julep,NA,
amaryllis,NA,
receiver,NA,
bonnet,NA,
babys+colors,NA,
chime,NA,
vac,NA,
hutch,NA,
the+house+in+the+night,NA,
snapple,NA,
shish+kebab,NA,
plastic+wrap,NA,
pasture,NA,
black+eyed+susan,NA,
john+jacob+jingleheimer+schmidt,NA,
burdock,NA,
meat+disposal,NA,
shotgun,NA,
amoxicillin,NA,
boston+cream,NA,
orchestra,NA,
tux,NA,
necky,NA,
stereo,NA,
blinker,NA,
snickers,NA,
alternator,NA,
bulgar,NA,
sorbet,NA,
danny,NA,
mr+pink,NA,
plunger,NA,
flosser,NA,
hammy,NA,
lemonada,NA,
legos,NA,
sword+and+the+stone,NA,
snow+whites,NA,
snowy,NA,
aladdin,NA,
octopuses,NA,
ear+cleaner,NA,
pillowna,NA,
water+bottles,NA,
lemon+curd,NA,
hiker,NA,
cadet,NA,
glen,NA,
statue+of+liberty,NA,
skater,NA,
skiers,NA,
first+hundred+words,NA,
grapesna,NA,
how+big+is+baby+elmo,NA,
hotdogs,NA,
soph,NA,
bubba,NA,
scrubber,NA,
pilaf,NA,
my+favorite+thing,NA,
seashore,NA,
st+bernard,NA,
happy+birthday+moon,NA,
give+a+moose+a+muffin,NA,
blueberries+for+sale,NA,
bounce+bounce+baby,NA,
trachea,NA,
farm+friends,NA,
vein,NA,
cold+eeze,NA,
klobo,NA,
macintosh,NA,
naners,NA,
cchini,NA,
cigarette+butt,NA,
babe,NA,
pitter,NA,
trailer+park,NA,
golf+course,NA,
bungee,NA,
firehall,NA,
ken,NA,
flynn+rider,NA,
ryan,NA,
pippi,NA,
fox+in+socks,NA,
journal,NA,
flakes,NA,
garland,NA,
sectional,NA,
tugboat,NA,
mother+goose,NA,
hugaroo,NA,
the+itsy+bitsy+spider,NA,
moo,NA,
strawberry+shortcake,NA,
tongue+depressor,NA,
fry,NA,
string+cheeses,NA,
babies+and+doggies,NA,
the+babies+and+doggies+book,NA,
doberman,NA,
spy,NA,
question+mark,NA,
mail+carrier,NA,
nails,NA,
recycling+bin,NA,
the+moon+book,NA,
little+dinos+dont+hit,NA,
big+red+riding+hood,NA,
puppy+takes+a+bath,NA,
doghouse,NA,
indi,NA,
tex,NA,
phillipe,NA,
well,NA,
space+explorer,NA,
bookworm,NA,
eighteen+wheeler,NA,
the+gruffalo,NA,
yogurt+and+granola,NA,
knees,NA,
seed+starting+mix,NA,
heater+vent,NA,
chicken+wire,NA,
weed+killer,NA,
bug+killer,NA,
potting+soil,NA,
corner,NA,
raindrops,NA,
circles,NA,
countertop,NA,
fanna,NA,
barbeque,NA,
eggies,NA,
emergency+brake,NA,
lug+nut,NA,
pads,NA,
my+pet+giraffe,NA,
the+streamliner,NA,
pez,NA,
filling,NA,
leg+warmer,NA,
keurig+machine,NA,
coconut+oil,NA,
munchies,NA,
sundress,NA,
chia,NA,
cheeker,NA,
pickaxe,NA,
night+crawler,NA,
frosty,NA,
valley,NA,
a+chair+for+my+mother,NA,
blowfish,NA,
forget+me+not,NA,
blue+jay,NA,
poison,NA,
trimmer,NA,
edger,NA,
shallot,NA,
a+t+m,NA,
breakfast,NA,
cartridge,NA,
guards,NA,
croissants,NA,
cappuccino,NA,
pear+apricot,NA,
peach+mango,NA,
arugula,NA,
nutna,NA,
almond+bark,NA,
canopy,NA,
butt+paste,NA,
watchman,NA,
tigey,NA,
dodo,NA,
mustang,NA,
puree,NA,
spelt,NA,
o+j,NA,
crab+the+traveler,NA,
clownfish,NA,
giggle+bellies,NA,
twilight,NA,
impatiens,NA,
bread+machine,NA,
cheesecloth,NA,
sawdust,NA,
cuddly+ted,NA,
wardrobe,NA,
mr+earl,NA,
windex,NA,
notepad,NA,
tum,NA,
cleats,NA,
gas+pedal,NA,
yokai,NA,
baymax,NA,
hiro,NA,
rocket+thruster,NA,
cuke,NA,
b+l+ts,NA,
drago,NA,
provolone,NA,
toenail,NA,
soda+pop,NA,
gavin,NA,
veggies,NA,
nibbly+finger,NA,
squeaky,NA,
dust+pan,NA,
bilbit,NA,
felt,NA,
laundry+basket,NA,
dot+and+bob,NA,
boulevard,NA,
parkway,NA,
hummels,NA,
turmeric,NA,
pistachios,NA,
shutter,NA,
gripper,NA,
moped,NA,
sander,NA,
furry,NA,
fertilizer,NA,
door+stop,NA,
car+charger,NA,
aspirin,NA,
frying+pan,NA,
diet+mountain+dew,NA,
hyundai,NA,
jalapenos,NA,
coffee+press,NA,
liquor,NA,
griller,NA,
stop+sign,NA,
license+plate,NA,
pop+out,NA,
cocktail,NA,
generator,NA,
lazy+susan,NA,
pockets,NA,
french+toast,NA,
spock,NA,
ear+plug,NA,
piranha,NA,
crumb,NA,
yarnna,NA,
apples+up+on+top,NA,
bracket,NA,
raisin+bran,NA,
fishes,NA,
steak+and+potatoes,NA,
llama+llama+trick+or+treat,NA,
diggers+and+dump+trucks,NA,
bubble+mower,NA,
paper+towels,NA,
olive+and+the+embarrassing+gift,NA,
joe,NA,
lola,NA,
matt,NA,
ziggy,NA,
contacts,NA,
blue+ice,NA,
icy+blue,NA,
chimichangas,NA,
the+day+i+lost+my+superpowers,NA,
fishing+pole,NA,
leo+a+ghost+story,NA,
squashes,NA,
snickerdoodles,NA,
clippy,NA,
screw+driver,NA,
hourglass,NA,
meter,NA,
seat+buckle,NA,
shin+guard,NA,
be+a+musician,NA,
trombone,NA,
airborne,NA,
muzzle,NA,
butterfly+colors+and+counting,NA,
wrapping+paper+romp,NA,
up+dog,NA,
all+fall+down,NA,
llama+llama+easter+egg,NA,
straightener,NA,
hydrangea,NA,
pretty+minnie+in+paris,NA,
arc,NA,
francois,NA,
schoolna,NA,
sparkle,NA,
dax+banoona+shang,NA,
crunchies,NA,
bert+and+ernies+desert+adventure,NA,
cats,NA,
if+animals+kissed+like+we+kiss+good+night,NA,
rice+cakes,NA,
bread+maker,NA,
fold+and+touch+wake+up,NA,
diaper+pail,NA,
battlefield+bad+company+two+ultimate+edition,NA,
levee,NA,
how+the+grinch+stole+christmas,NA,
gogurt,NA,
mold,NA,
flannel,NA,
cookie+monster+and+the+cookie+tree,NA,
herry,NA,
radish,NA,
mum,NA,
liquid,NA,
horsetail,NA,
husky,NA,
scalp,NA,
mountains,NA,
flat,NA,
softball,NA,
golf+cart,NA,
the+potty+book+for+girls,NA,
hannah,NA,
doorstopper,NA,
empanada,NA,
breadcrumb,NA,
powerpuff+girl,NA,
chicken+wing,NA,
littlest+pet+shop,NA,
oh+my+oh+my+oh+dinosaurs,NA,
hot+plate,NA,
teenage+mutant+ninja+turtle,NA,
high+top,NA,
roll+on,NA,
slip+n+slide,NA,
fruit+cocktail,NA,
pinata,NA,
icing,NA,
tile,NA,
tinfoil,NA,
toggle,NA,
tart,NA,
whole+wheat,NA,
super+soaker,NA,
the+ultimate+aqua+rider,NA,
scratcher,NA,
candlestick,NA,
harry+and+the+dirty+dog,NA,
goodnight+harry,NA,
big+book+of+why,NA,
fingerprint,NA,
princess+aria+the+beautiful+ballerina,NA,
rory,NA,
fritters,NA,
star+wars+the+clone+wars,NA,
harpoon,NA,
mix,NA,
sloppy+joes,NA,
ivories,NA,
tempura,NA,
wasabi,NA,
catapult,NA,
crossbow,NA,
trigger,NA,
ale,NA,
cheesesteak,NA,
apples+and+prunes,NA,
apples+and+pears,NA,
invoice,NA,
ham+hog,NA,
collie,NA,
german+shepherd,NA,
butcher,NA,
orajel,NA,
jowls,NA,
fluff,NA,
frittatas,NA,
bowling+pin,NA,
tickle+feeder,NA,
a+to+the+george,NA,
run+the+mile,NA,
curious+alphabet,NA,
row,NA,
eyes+nose+fingers+and+toes,NA,
gall+bladder,NA,
poof,NA,
pool+noodle,NA,
garbage+can,NA,
ankylosaurus,NA,
archaeopteryx,NA,
chasmosaurus,NA,
supersaurus,NA,
fossil,NA,
cobweb,NA,
rice+roll,NA,
sand+castles,NA,
little+quacks+new+friend,NA,
quiet+bunnys+many+colors,NA,
my+a+b+c+one+two+three+book,NA,
pod,NA,
sunrise+sunset,NA,
seedling,NA,
soybean,NA,
edamame,NA,
towel+rack,NA,
jammers,NA,
check,NA,
doctor+mario,NA,
pikachu,NA,
wiiu,NA,
woodchip,NA,
textbook,NA,
rutabega,NA,
fire+extinguisher,NA,
diaper+cream,NA,
oxiclean,NA,
canyon,NA,
all+about+america,NA,
puffy,NA,
brushy,NA,
tinkerbell,NA,
funnies,NA,
goo+goo+clusters,NA,
pigs+in+a+blanket,NA,
ping+pong,NA,
teef,NA,
sweetie+pie,NA,
compressor,NA,
claws,NA,
jack+and+the+beanstalk,NA,
andy,NA,
mueum,NA,
necj,NA,
mick,NA,
casing,NA,
pedigree,NA,
protein+powder,NA,
whoppers,NA,
jammer+jams,NA,
wubanub,NA,
rubbish,NA,
carpeting,NA,
ultron,NA,
toesey,NA,
cleaning+machine,NA,
dustbuster,NA,
air+balloon,NA,
wacky+wednesday,NA,
hooper,NA,
double+trouble,NA,
lippy+lips,NA,
light+pad,NA,
fruit+bar,NA,
gazebo,NA,
cane,NA,
bath+time+for+twins,NA,
pinocchio,NA,
two+is+for+twins,NA,
gumdrop,NA,
pot+roast,NA,
swiper,NA,
rice+krispies+treat,NA,
letter+opener,NA,
kermie,NA,
poplar,NA,
silver,NA,
lichen,NA,
blackboard,NA,
trash+can,NA,
about+babies,NA,
welcome+to+the+library,NA,
teething+tablets,NA,
albert,NA,
the+secret+garden,NA,
the+tales+of+despereaux,NA,
skewer,NA,
keys,NA,
curb,NA,
wooly,NA,
mum+mums,NA,
ding+donger,NA,
shack,NA,
caddy,NA,
vitality+packs,NA,
chicken+tenders,NA,
crutches,NA,
miso,NA,
scape,NA,
chariot,NA,
cleaner,NA,
swimmies,NA,
cheese+puff,NA,
drinkie,NA,
coffee+pot,NA,
mandoline,NA,
booty,NA,
aspirator,NA,
taco+shell,NA,
reds,NA,
breads,NA,
kohlrabi,NA,
sleepers,NA,
armrest,NA,
kicks,NA,
lily,NA,
bunnies,NA,
skechers,NA,
locust,NA,
three+hole+punch,NA,
vegetti,NA,
obstacles,NA,
popicle,NA,
knee+pad,NA,
jack+russell,NA,
great+dane,NA,
komodo+dragon,NA,
fabric+softener,NA,
buddy+fruit,NA,
cab,NA,
forearms,NA,
color+dogs,NA,
spaniel,NA,
scottie,NA,
heads,NA,
genie,NA,
broccolies,NA,
corns,NA,
find+that+freight,NA,
bulstrode,NA,
m+and+m,NA,
bahn+mi,NA,
mannequin,NA,
febreze,NA,
credit+card,NA,
cashew,NA,
baby+at+the+farm,NA,
jo+jo,NA,
ballon,NA,
thermos,NA,
meadow,NA,
baby+says+peekaboo,NA,
cinnamon+toast+crunch,NA,
taste+buds,NA,
bambis+guess+who,NA,
bambi,NA,
towelette,NA,
grate,NA,
foreman,NA,
flax,NA,
toother,NA,
candies,NA,
garage+door,NA,
chutneys,NA,
fishing+line,NA,
veterinarian,NA,
phantom,NA,
banshee,NA,
fang,NA,
baby+carriage,NA,
pal+pal+fish+story,NA,
smokies,NA,
wiener,NA,
sand+pit,NA,
milks,NA,
hydrocortisone,NA,
yankee,NA,
dvd+player,NA,
hot+cakes,NA,
granolas,NA,
vegetable+beef+pilaf,NA,
chicken+and+stars,NA,
gps,NA,
onesies,NA,
harold+and+the+purple+crayon,NA,
harold,NA,
path,NA,
atm,NA,
comic,NA,
funny,NA,
the+little+mermaid,NA,
triton,NA,
graveyard,NA,
flounder,NA,
scuttle,NA,
eric,NA,
mast,NA,
gunpowder,NA,
chandelier,NA,
swimmy,NA,
cheesecake,NA,
toof,NA,
chompers,NA,
schmutz,NA,
instructions,NA,
jet+ski,NA,
go+kart,NA,
jammy+jams,NA,
pore+strip,NA,
wind+in+the+willows,NA,
incredible+hulk,NA,
artwork,NA,
veggie,NA,
pils,NA,
ferris+wheel,NA,
usb,NA,
snorkeler,NA,
im+a+little+teapot,NA,
we+love+each+other,NA,
figs,NA,
fig,NA,
menorah,NA,
first+one+hundred+words+book,NA,
sternum,NA,
gelato,NA,
goatherd,NA,
fruit+chewy,NA,
fruit+strip,NA,
succulent,NA,
fuzz,NA,
juice+boxes,NA,
armie,NA,
cha+cha+chicken,NA,
jo+jos,NA,
lois+lane,NA,
cornflakes,NA,
macys+first+colors,NA,
elmo+in+the+woods,NA,
crab+cake,NA,
bookend,NA,
fire+pole,NA,
fire+chief,NA,
touch+and+feel+abcs,NA,
say+moo,NA,
mozzerella+sticks,NA,
yogurt+bite,NA,
elbow+pit,NA,
but+not+the+hippopotamus,NA,
jelly+bellies,NA,
farmhouse,NA,
the+wizard+of+oz,NA,
amplifier,NA,
amethyst,NA,
vicks,NA,
piggytail,NA,
tooth+fairy,NA,
wonder+pet,NA,
rey,NA,
inhaler,NA,
mic,NA,
kennel,NA,
jackknife,NA,
peppermint+drops,NA,
lollipops,NA,
oyster,NA,
sheep+in+a+jeep,NA,
duvet+cover,NA,
hair+straightener,NA,
tornado,NA,
this+is+about+opposites,NA,
furnace,NA,
first+numbers,NA,
duck+and+goose,NA,
i+heard+said+the+bird,NA,
if+you+take+a+mouse+to+the+movies,NA,
new+tricks+i+can+do,NA,
good+friends+are+hard+to+find,NA,
gus+gus,NA,
corned+beef+hash,NA,
webber,NA,
the+house+on+east+eighty+eighth+street,NA,
pete+the+cat+twinkle+twinkle+little+star,NA,
daddy+longlegs,NA,
sprayer,NA,
plane+plane,NA,
boba,NA,
chaco,NA,
prius,NA,
crustacean,NA,
mollusk,NA,
fingertip,NA,
jowl,NA,
propellor,NA,
tomato+paste,NA,
shiitakes,NA,
sketti,NA,
the+little+dump+truck,NA,
landfill,NA,
binka+boo,NA,
hair+dryer,NA,
owl+and+friends,NA,
bonobo,NA,
celebrate,NA,
hans,NA,
christoff,NA,
just+a+kite,NA,
salve,NA,
peas+on+earth,NA,
farfalle,NA,
pavement,NA,
wedding+band,NA,
supergirl,NA,
bus+stop,NA,
tomates,NA,
morey,NA,
sit+to+stand,NA,
where+is+babys+pumpkin,NA,
mozz,NA,
pitas,NA,
biblette,NA,
i+feel+happy,NA,
balm,NA,
walnut,NA,
almond+butter,NA,
cinnamon+raisin,NA,
locket,NA,
larry+loves+san+francisco,NA,
marley+and+the+great+giant+pumpkin,NA,
party+shapes,NA,
party+colors,NA,
animal+opposites,NA,
sophies+shapes,NA,
my+first+tractor+board+book,NA,
what+goes+where,NA,
raviolis,NA,
spooky+pookie,NA,
little+ribbit,NA,
waddle,NA,
widdle,NA,
little+quack,NA,
reed,NA,
piddle,NA,
ribbit,NA,
polar+bear+polar+bear+what+do+you+hear,NA,
spritzer,NA,
saltines,NA,
gas+tank,NA,
staple,NA,
geranium,NA,
cistern,NA,
naner,NA,
gallbladder,NA,
prego,NA,
nosey,NA,
daiper,NA,
lactaid,NA,
spike,NA,
body+wash,NA,
carafe,NA,
k+cup,NA,
barcode,NA,
steam+cleaner,NA,
chap+chap,NA,
license,NA,
wafer,NA,
munch+munch+book,NA,
squeeze+pack,NA,
joy,NA,
forgetters,NA,
pecan,NA,
talon,NA,
biotic,NA,
snapy,NA,
vodka,NA,
foot+rest,NA,
threat,NA,
clasp,NA,
fruit+twist,NA,
tummy+button,NA,
katniss,NA,
peeta,NA,
gale,NA,
kushy,NA,
mr+hooper,NA,
baptismal,NA,
altar,NA,
fiber+one,NA,
oat+bran,NA,
plus,NA,
the+snowy+day,NA,
prison,NA,
thimble,NA,
cuties,NA,
goodnight+zoo,NA,
tamarin,NA,
spork,NA,
the+cafe+at+night,NA,
twisty+tie,NA,
numbers+book,NA,
t+ball+set,NA,
bike+seat,NA,
flip+flop+fly,NA,
fruits+and+veggies,NA,
colors+of+the+rainbow,NA,
happy+birthday,NA,
at+the+park,NA,
number+farm,NA,
jungle+safari,NA,
a+to+z,NA,
play+day,NA,
cinnamon+buns,NA,
yolks,NA,
stool+softener,NA,
five+silly+monkeys,NA,
waffle+maker,NA,
legumes,NA,
ms+claus,NA,
stain+remover,NA,
onion+rings,NA,
chicken+philly,NA,
lo+mein,NA,
egg+roll,NA,
power+line,NA,
teaspoon,NA,
lion+guard,NA,
keychain,NA,
glaze,NA,
photo,NA,
strut,NA,
avalanche,NA,
everest,NA,
ritalin,NA,
cannoli,NA,
pop+tarts,NA,
breathing+mask,NA,
tinky,NA,
bath+seat,NA,
d+w,NA,
buster,NA,
muffy,NA,
canary,NA,
prunella,NA,
fern,NA,
the+three+pigs+and+the+big+bad+wolf,NA,
francine,NA,
doggy+kisses+one+two+three,NA,
a+bedtime+kiss+for+chester+raccoon,NA,
the+kissing+hand,NA,
valve,NA,
wheres+bob,NA,
my+mommy+and+i,NA,
lark,NA,
punch,NA,
under+the+sea,NA,
flash+drive,NA,
dobby,NA,
mcnoodle,NA,
sammich,NA,
news,NA,
slimquick,NA,
tuppence,NA,
thunderstorm,NA,
cowgirl,NA,
birkenstock,NA,
koala+bear,NA,
banoona+shang+and+dax,NA,
zip+ties,NA,
biceps,NA,
lalaloopsy,NA,
zombie+unicorn,NA,
ground+beef,NA,
tonsils,NA,
cotton+swab,NA,
tapir,NA,
veranda,NA,
mine,NA,
pass,NA,
fudgsicle,NA,
pillow+case,NA,
buddha,NA,
massager,NA,
clorox,NA,
britax,NA,
combos,NA,
emilys,NA,
kitfo,NA,
leb+leb,NA,
gomen+besiga,NA,
shiro,NA,
injera,NA,
macaroon,NA,
tooty,NA,
hood+ornament,NA,
axle,NA,
u+joint,NA,
weed+whacker,NA,
carbon+monoxide+detector,NA,
hot+water+heater,NA,
gill,NA,
sequin,NA,
tricep,NA,
dictionary,NA,
zone+bars,NA,
timber+rattler,NA,
pasti,NA,
go+dogs+go,NA,
fruit+chew,NA,
chocolate+coconut,NA,
tic+tac,NA,
boy,NA,
bandage,NA,
all+the+places+to+love,NA,
hilltop,NA,
tofu+nuggets,NA,
chewer,NA,
violin+bow,NA,
icy,NA,
earlobe,NA,
kiwis,NA,
rings,NA,
kugel,NA,
shallots,NA,
rubbing+alcohol,NA,
water+fountain,NA,
belly+button+book,NA,
first+words+book,NA,
zip+tie,NA,
kittys+colorful+day,NA,
kittys+winter,NA,
sliver,NA,
tree stand,NA,
dust+bunny,NA,
pellet,NA,
macaronis,NA,
binkie,NA,
gasket,NA,
spritz,NA,
peanut+butter+ball,NA,
folgers,NA,
ear+bone,NA,
ear+drum,NA,
prosciutto,NA,
squeezes,NA,
mail+guy,NA,
the+adventures+of+spot,NA,
half+for+you+half+for+me,NA,
nico,NA,
frog+jumps+around,NA,
where+is+elmos+blanket,NA,
workman,NA,
geppetto,NA,
nightingale,NA,
tarantula,NA,
head+to+toe,NA,
curious+george+shapes,NA,
thirty,NA,
forty,NA,
fifty,NA,
sixty,NA,
seventy,NA,
eighty,NA,
ninety,NA,
one+hundred,NA,
my+first+word,NA,
pizza+cutter,NA,
newt,NA,
tanker,NA,
shapes+and+colors,NA,
i+love+my+dinosaur,NA,
patrick,NA,
little+owls+night,NA,
mushroom+patch,NA,
is+this+my+home,NA,
sardine,NA,
dongle,NA,
rainbow+bright,NA,
tangerine+marmalade,NA,
sharpie,NA,
grandma+els,NA,
doorframe,NA,
oatmeal+bakes,NA,
come+back+puppies,NA,
studio,NA,
the+little+zebra+who+lost+his+stripes,NA,
busy+builders,NA,
builder,NA,
wrecking+ball,NA,
instructor,NA,
student,NA,
uterus,NA,
toboggan,NA,
purple+penguin,NA,
millenium+falcon,NA,
blush,NA,
theres+a+bird+on+your+head,NA,
pigs+make+me+sneeze,NA,
i+really+like+slop,NA,
my+friend+is+sad,NA,
today+i+will+fly,NA,
my+new+friend+is+fun,NA,
i+will+take+a+nap,NA,
can+i+play+too,NA,
are+you+ready+to+play+outside,NA,
i+love+my+new+toy,NA,
watch+me+throw+the+ball,NA,
listen+to+my+trumpet,NA,
i+am+invited+to+a+party,NA,
lamppost,NA,
mother+ship,NA,
motherboard,NA,
shawn,NA,
the+snow+queen,NA,
chitty+chitty+bang+bang,NA,
charlottes+web,NA,
bran+flakes,NA,
i+am+a+train,NA,
the+stinky+little+alphabet,NA,
buterfly,NA,
augie,NA,
bernie,NA,
harmy,NA,
tiramisu,NA,
ritz+bits,NA,
tin+man,NA,
dumbo,NA,
ribeye,NA,
what+a+nice+day,NA,
witch+hazel,NA,
ultrasound,NA,
sid,NA,
pig+and+the+pancake,NA,
kit+kats,NA,
dark+day+in+the+deep+sea,NA,
magic+tree+house,NA,
see+the+kitty+cats,NA,
sweet+potata,NA,
ladybug+colors,NA,
lets+count,NA,
marine+corps+seal,NA,
marine,NA,
bayonet,NA,
chevron,NA,
dog+tag,NA,
shakes,NA,
powdered+protein,NA,
meatball+sub,NA,
amazing+spiderman,NA,
if+animals+kissed+goodnight,NA,
wonderpets,NA,
pandy,NA,
aristocats,NA,
duchess,NA,
madame,NA,
o+malley,NA,
lead,NA,
aisle,NA,
heron,NA,
under+the+sky,NA,
dr+seusss+abcs,NA,
cheepy+chicks+holiday,NA,
sweet,NA,
dragon+and+sleepy+owl,NA,
prickles,NA,
crystal,NA,
moustache,NA,
sock+monkey,NA,
warehouse,NA,
honeycombs,NA,
macaronies,NA,
corn+meal,NA,
sketchpad,NA,
arrow+root,NA,
gremlin,NA,
to+abby+love+elmo,NA,
w+d+forty,NA,
jambalaya,NA,
potato+salad,NA,
pasta+salad,NA,
shanise,NA,
pete+the+cat+cavecat+pete,NA,
vinny,NA,
ethel,NA,
apatosaurus,NA,
pterosaur,NA,
terri,NA,
skip,NA,
trini,NA,
al,NA,
velociraptor,NA,
rest+stop,NA,
mailroom,NA,
its+a+little+book,NA,
sandwhiches,NA,
steel+cut+oats,NA,
hard+boiled+eggs,NA,
zoodles,NA,
huevos+rancheros,NA,
refried+beans,NA,
green+peppers,NA,
styrofoam,NA,
eye+patch,NA,
filer,NA,
minions,NA,
nail+gun,NA,
weapon,NA,
cream+cheese,NA,
umbrella+cover,NA,
anchovie,NA,
ftuna+fish,NA,
finger+nail,NA,
willow,NA,
glue+gun,NA,
work+bench,NA,
glassware,NA,
embosser,NA,
o+the+owl,NA,
katerina,NA,
rooftop,NA,
diaper+bag,NA,
prince+wednesday,NA,
bruise,NA,
curtain+rod,NA,
chestnuts,NA,
tractor+trailer,NA,
binkers,NA,
underjams,NA,
primer,NA,
mrs+claus,NA,
merry+christmas,NA,
saint+nicholas,NA,
yukon+cornelius,NA,
bumble,NA,
iceberg,NA,
hermy,NA,
clarise,NA,
workshop,NA,
strong,NA,
sugar+snap+peas,NA,
bubble+guppy,NA,
lego+man,NA,
roofer,NA,
workbook,NA,
stuart+little,NA,
little+house+on+the+prarie,NA,
felt+board,NA,
honey+pot,NA,
skippyjon+jones+shape+up,NA,
mail+call,NA,
benjamin+franklin,NA,
the+tale+of+despereaux,NA,
mr+poppers+penguins,NA,
pattycake,NA,
who+hoots,NA,
flash,NA,
meet+jack+truck,NA,
saffy,NA,
veggie+patty,NA,
flatbread,NA,
american,NA,
angels,NA,
golden+book+of+train+stories,NA,
dreidel,NA,
teakettle,NA,
bratwurst,NA,
table+cloth,NA,
crock,NA,
headlamp,NA,
machete,NA,
painkiller,NA,
papa+murphy,NA,
one+snowy+day,NA,
pine+nuts,NA,
let+it+go,NA,
go+sven+go,NA,
rhyme+time,NA,
rower,NA,
slaw,NA,
ill+love+you+forever+my+baby+youll+be,NA,
kumbacha,NA,
cough+syrup,NA,
baby+max+and+ruby,NA,
sunroof,NA,
drying+rack,NA,
beret,NA,
pasgettis,NA,
eyepatch,NA,
mrs+robins,NA,
llama+llama+uppity+up,NA,
a+book+of+sleep,NA,
cell,NA,
bird+seed,NA,
baby+love,NA,
gecko,NA,
toothless,NA,
oreo,NA,
parakeet,NA,
cockatail,NA,
cockatoo,NA,
tendon,NA,
a+c+l,NA,
patella,NA,
ear+canal,NA,
baby+bath+time,NA,
the+handsome+road,NA,
pj,NA,
music+on+the+go,NA,
noodlier,NA,
grater,NA,
nonny,NA,
woof,NA,
theodore,NA,
modem,NA,
leia,NA,
little+foot,NA,
petrie,NA,
petey,NA,
pee+wee,NA,
poky,NA,
cavern,NA,
go+cart,NA,
doorway,NA,
teacher+harriet,NA,
music+man+stan,NA,
dr+anna,NA,
mr+mcfeely,NA,
miss+elaina,NA,
fraggle+rock,NA,
fraggle,NA,
boober,NA,
mokey,NA,
wembley,NA,
gobo,NA,
uncle+matt,NA,
n+is+for+newt,NA,
red+fish+blue+fish,NA,
wherever+you+are+my+love+will+find+you,NA,
water+chestnuts,NA,
wrapping,NA,
loaf,NA,
milk+duds,NA,
birdy,NA,
dsi,NA,
catan,NA,
footies,NA,
underalls,NA,
cat+litter,NA,
nylon,NA,
chew+stick,NA,
mothball,NA,
sherry,NA,
snow+cone,NA,
i+know+a+wee+piggy,NA,
crisps,NA,
b+a+r,NA,
fish+steaks,NA,
doggy+kisses,NA,
hershey,NA,
a+babys+blanket,NA,
cornmeal,NA,
gum+drop,NA,
ewe,NA,
sow,NA,
udder,NA,
drake,NA,
bow+ties,NA,
i+am+skippyjon+jones,NA,
brussel+sprout,NA,
red+ninja,NA,
epipen,NA,
cheesy+poof,NA,
capri+sun,NA,
apple+cider,NA,
r+two,NA,
chips+ahoy,NA,
googly+eye,NA,
lottery+ticket,NA,
gingerbread+village,NA,
nose+spray,NA,
sid+the+science+kid,NA,
grassland+king,NA,
grassland,NA,
wildebeest,NA,
watering+hole,NA,
gazelle,NA,
lynx,NA,
plain,NA,
woodland,NA,
africa,NA,
impala,NA,
mozzarella+sticks,NA,
gi+joe+spy+trooper,NA,
dan+dan,NA,
toesers+and+nose,NA,
bath+time+fun,NA,
lucy,NA,
linus,NA,
sally,NA,
hard+hat+pete,NA,
dinosaur+train,NA,
pharmacy,NA,
ligament,NA,
cat+print,NA,
beaker,NA,
eggo,NA,
noah,NA,
ark,NA,
putter,NA,
daniel+tiger,NA,
baby+dear,NA,
dinosaur+roar,NA,
tub+tub,NA,
dear+zoo,NA,
a+kiss+on+the+keppie,NA,
the+book+about+poop,NA,
the+gas+we+pass,NA,
intestine,NA,
mountain+dew,NA,
fixture,NA,
mite,NA,
shepard,NA,
cinnamon+squares,NA,
waddy,NA,
aluminum,NA,
tigress,NA,
big+friendly+giant,NA,
chicken+fingers,NA,
donny,NA,
prickly,NA,
kombucha,NA,
onsie,NA,
scrambled+eggs,NA,
gumball,NA,
chicken+coop,NA,
tinker+bell,NA,
creamy,NA,
muno,NA,
peek+a+boo+baby+shapes,NA,
kefir,NA,
corduroys,NA,
i+ruff+you,NA,
grape+nut,NA,
baking+sheet,NA,
chobani,NA,
sam+i+am,NA,
a+hundred+and+one+great+american+poems,NA,
pouchies,NA,
chicken+wings,NA,
juicebox,NA,
tiara,NA,
crocodillion,NA,
zoom+zoom,NA,
buddha+board,NA,
r+j,NA,
ramma+jamma,NA,
tiny,NA,
don,NA,
big+and+small,NA,
argentinosaurus,NA,
arnie,NA,
ten+tiny+pickles,NA,
jedi,NA,
egg+whites,NA,
are+you+my+baby,NA,
the+three+little+pigs,NA,
half+cup+measure,NA,
buzzer,NA,
animal+alphabet,NA,
soot,NA,
sausage+and+biscuit,NA,
yogi,NA,
bath+time+chickies,NA,
brita,NA,
fingernail,NA,
pickup,NA,
brook,NA,
train+station,NA,
plantains,NA,
ramen,NA,
slippers,NA,
beef+and+taters,NA,
the+spooky+old+tree,NA,
windowpane,NA,
sticky+buns,NA,
ocean+liner,NA,
hundred+and+one+dalmations,NA,
book+shop,NA,
cafe,NA,
book+store,NA,
christmas+tree,NA,
baby+carrier,NA,
antlers,NA,
pavlov,NA,
snowglobe,NA,
jesus,NA,
quesadillas,NA,
fish+oil,NA,
pantaloons,NA,
wharf,NA,
figurehead,NA,
indian,NA,
christmas+present,NA,
build+a+bear,NA,
file+rack,NA,
enchilada,NA,
eat,NA,
the+more+we+are+together,NA,
hemicircle,NA,
half+circle,NA,
semicircle,NA,
face+mask,NA,
scion,NA,
furring+strip,NA,
lift,NA,
noisy+zoo,NA,
hudson+hornet,NA,
mr+silky,NA,
thermal,NA,
sauropod,NA,
ornithopod,NA,
limnoscelis,NA,
cerapod,NA,
guido,NA,
flo,NA,
charlston+chew,NA,
banana+peel,NA,
pirate+booty,NA,
dry+boss,NA,
swimming+trunks,NA,
ears,NA,
fluffernutters,NA,
frozen,NA,
sheep+on+a+ship,NA,
paw+print,NA,
red+light+green+light,NA,
tv+guide,NA,
spock+bear,NA,
swordfish,NA,
piccolo,NA,
sturgeon,NA,
i+feel+sleepy,NA,
play+doh+container,NA,
gnocchi,NA,
ocean+book,NA,
plankton,NA,
viperfish,NA,
anchovies,NA,
the+shape+of+me+and+other+stuff,NA,
good+night+baby+jesus,NA,
coppertone,NA,
neutrogena+baby,NA,
gwendolyn,NA,
gwendolyn+gwendolyn,NA,
ethan,NA,
nammy,NA,
paper+towel+roll,NA,
garbanzos,NA,
keppie,NA,
zayde,NA,
bubbe,NA,
babka,NA,
monopoly,NA,
tape+deck,NA,
blake,NA,
hugh+the+hippo,NA,
blake+the+bear,NA,
hugh,NA,
oh+where+is+my+ducky,NA,
apple+core,NA,
dome,NA,
soap+dispenser,NA,
aurora+borealis,NA,
easter+parade,NA,
hop,NA,
mr+egg,NA,
baby+touch+and+feel+bedtime,NA,
shaving+cream,NA,
the+light+between+oceans,NA,
shoes,NA,
big+macs,NA,
painting,NA,
the+jungle+book,NA,
soccer,NA,
spider+web,NA,
toaster+oven,NA,
my+first+word+board+book,NA,
combine+harvester,NA,
chocolates,NA,
shooter,NA,
mr+lion,NA,
striper,NA,
b+is+for+bedtime,NA,
spot+it,NA,
slippy,NA,
all+about+me,NA,
corvette,NA,
thank+you+bear,NA,
baer,NA,
yoshi,NA,
hello+kitty,NA,
toddler,NA,
dagger,NA,
sudafed,NA,
guavas,NA,
sir+tophamhatt,NA,
wok,NA,
elmo+loves+to+be+a+musician,NA,
dan,NA,
tigey+the+adventure+tiger,NA,
deep+sea+diver,NA,
little+bird,NA,
elaina,NA,
sanitizer,NA,
the+love+book,NA,
bracelet+maker,NA,
pop+rocks,NA,
souvenir,NA,
d+o,NA,
pearly,NA,
combine,NA,
jungle+book,NA,
frozen+book,NA,
inside+out,NA,
museum+of+play,NA,
odd+squad,NA,
hotdog,NA,
shin,NA,
m+p+three+player,NA,
earbuds,NA,
petticoat,NA,
miss+muffet,NA,
candlestick+maker,NA,
sixpence,NA,
d+pad,NA,
may,NA,
pokedex,NA,
benny,NA,
firecracker,NA,
walking+stick,NA,
root+beer+float,NA,
umbrella+holder,NA,
one+two+three+ready+set+go,NA,
racer,NA,
butch,NA,
r+n,NA,
rotator+cuff,NA,
shoulder+blade,NA,
officer,NA,
colonel,NA,
good+night+sleepy+head,NA,
good+night+world,NA,
bean+gum,NA,
