subj,month,sex,MOTedu,MOTedulevel,MOTage,PVT.ED,PVT.score,MOTwork,MOTworkhours,FATwork,FATworkhours,SibsYN,Siblings,Siblings18,SibGroup,SibsDiscrete,Total.words,Log.Totalwords
01,06,F,Masters Degree,5,33,22,119.5,Part-time,30,Full-time,50,Y,1.0,1.0,One,One,0,0.0
01,07,F,Masters Degree,5,33,22,119.5,Part-time,30,Full-time,50,Y,1.0,1.0,One,One,0,0.0
01,08,F,Masters Degree,5,33,22,119.5,Part-time,30,Full-time,50,Y,1.0,1.0,One,One,0,0.0
01,09,F,Masters Degree,5,33,22,119.5,Part-time,30,Full-time,50,Y,1.0,1.0,One,One,0,0.0
01,10,F,Masters Degree,5,33,22,119.5,Part-time,30,Full-time,50,Y,1.0,1.0,One,One,0,0.0
01,11,F,Masters Degree,5,33,22,119.5,Part-time,30,Full-time,50,Y,1.0,1.0,One,One,6,1.9459101490553132
01,12,F,Masters Degree,5,33,22,119.5,Part-time,30,Full-time,50,Y,1.0,1.0,One,One,14,2.70805020110221
01,13,F,Masters Degree,5,33,22,119.5,Part-time,30,Full-time,50,Y,1.0,1.0,One,One,77,4.356708826689592
01,14,F,Masters Degree,5,33,22,119.5,Part-time,30,Full-time,50,Y,1.0,1.0,One,One,145,4.983606621708336
01,15,F,Masters Degree,5,33,22,119.5,Part-time,30,Full-time,50,Y,1.0,1.0,One,One,226,5.424950017481403
01,16,F,Masters Degree,5,33,22,119.5,Part-time,30,Full-time,50,Y,1.0,1.0,One,One,288,5.666426688112432
01,17,F,Masters Degree,5,33,22,119.5,Part-time,30,Full-time,50,Y,1.0,1.0,One,One,372,5.921578419643816
01,18,F,Masters Degree,5,33,22,119.5,Part-time,30,Full-time,50,Y,1.0,1.0,One,One,378,5.937536205082426
02,06,M,Masters Degree,5,33,22,116.4,Home,0,Full-time,40,Y,1.0,1.0,One,One,0,0.0
02,07,M,Masters Degree,5,33,22,116.4,Home,0,Full-time,40,Y,1.0,1.0,One,One,1,0.6931471805599453
02,08,M,Masters Degree,5,33,22,116.4,Home,0,Full-time,40,Y,1.0,1.0,One,One,1,0.6931471805599453
02,09,M,Masters Degree,5,33,22,116.4,Home,0,Full-time,40,Y,1.0,1.0,One,One,1,0.6931471805599453
02,10,M,Masters Degree,5,33,22,116.4,Home,0,Full-time,40,Y,1.0,1.0,One,One,3,1.3862943611198906
02,11,M,Masters Degree,5,33,22,116.4,Home,0,Full-time,40,Y,1.0,1.0,One,One,9,2.302585092994046
02,12,M,Masters Degree,5,33,22,116.4,Home,0,Full-time,40,Y,1.0,1.0,One,One,17,2.8903717578961645
02,13,M,Masters Degree,5,33,22,116.4,Home,0,Full-time,40,Y,1.0,1.0,One,One,27,3.332204510175204
02,14,M,Masters Degree,5,33,22,116.4,Home,0,Full-time,40,Y,1.0,1.0,One,One,32,3.4965075614664802
02,15,M,Masters Degree,5,33,22,116.4,Home,0,Full-time,40,Y,1.0,1.0,One,One,76,4.343805421853684
02,16,M,Masters Degree,5,33,22,116.4,Home,0,Full-time,40,Y,1.0,1.0,One,One,125,4.836281906951478
02,17,M,Masters Degree,5,33,22,116.4,Home,0,Full-time,40,Y,1.0,1.0,One,One,184,5.220355825078324
02,18,M,Masters Degree,5,33,22,116.4,Home,0,Full-time,40,Y,1.0,1.0,One,One,223,5.4116460518550396
03,06,M,Bachelors Degree,4,32,21,108.5,Home,0,Full-time,40,Y,1.0,1.0,One,One,0,0.0
03,07,M,Bachelors Degree,4,32,21,108.5,Home,0,Full-time,40,Y,1.0,1.0,One,One,0,0.0
03,08,M,Bachelors Degree,4,32,21,108.5,Home,0,Full-time,40,Y,1.0,1.0,One,One,0,0.0
03,09,M,Bachelors Degree,4,32,21,108.5,Home,0,Full-time,40,Y,1.0,1.0,One,One,0,0.0
03,10,M,Bachelors Degree,4,32,21,108.5,Home,0,Full-time,40,Y,1.0,1.0,One,One,0,0.0
03,11,M,Bachelors Degree,4,32,21,108.5,Home,0,Full-time,40,Y,1.0,1.0,One,One,0,0.0
03,12,M,Bachelors Degree,4,32,21,108.5,Home,0,Full-time,40,Y,1.0,1.0,One,One,0,0.0
03,13,M,Bachelors Degree,4,32,21,108.5,Home,0,Full-time,40,Y,1.0,1.0,One,One,0,0.0
03,14,M,Bachelors Degree,4,32,21,108.5,Home,0,Full-time,40,Y,1.0,1.0,One,One,0,0.0
03,15,M,Bachelors Degree,4,32,21,108.5,Home,0,Full-time,40,Y,1.0,1.0,One,One,4,1.6094379124341003
03,16,M,Bachelors Degree,4,32,21,108.5,Home,0,Full-time,40,Y,1.0,1.0,One,One,12,2.5649493574615367
03,17,M,Bachelors Degree,4,32,21,108.5,Home,0,Full-time,40,Y,1.0,1.0,One,One,27,3.332204510175204
03,18,M,Bachelors Degree,4,32,21,108.5,Home,0,Full-time,40,Y,1.0,1.0,One,One,32,3.4965075614664802
04,06,M,Some college,2,35,25,117.2,Home,0,Full-time,40,Y,4.0,4.0,2+,Four,0,0.0
04,07,M,Some college,2,35,25,117.2,Home,0,Full-time,40,Y,4.0,4.0,2+,Four,1,0.6931471805599453
04,08,M,Some college,2,35,25,117.2,Home,0,Full-time,40,Y,4.0,4.0,2+,Four,1,0.6931471805599453
04,09,M,Some college,2,35,25,117.2,Home,0,Full-time,40,Y,4.0,4.0,2+,Four,1,0.6931471805599453
04,10,M,Some college,2,35,25,117.2,Home,0,Full-time,40,Y,4.0,4.0,2+,Four,2,1.0986122886681098
04,11,M,Some college,2,35,25,117.2,Home,0,Full-time,40,Y,4.0,4.0,2+,Four,2,1.0986122886681098
04,12,M,Some college,2,35,25,117.2,Home,0,Full-time,40,Y,4.0,4.0,2+,Four,2,1.0986122886681098
04,13,M,Some college,2,35,25,117.2,Home,0,Full-time,40,Y,4.0,4.0,2+,Four,3,1.3862943611198906
04,14,M,Some college,2,35,25,117.2,Home,0,Full-time,40,Y,4.0,4.0,2+,Four,5,1.791759469228055
04,15,M,Some college,2,35,25,117.2,Home,0,Full-time,40,Y,4.0,4.0,2+,Four,5,1.791759469228055
04,16,M,Some college,2,35,25,117.2,Home,0,Full-time,40,Y,4.0,4.0,2+,Four,5,1.791759469228055
04,17,M,Some college,2,35,25,117.2,Home,0,Full-time,40,Y,4.0,4.0,2+,Four,5,1.791759469228055
04,18,M,Some college,2,35,25,117.2,Home,0,Full-time,40,Y,4.0,4.0,2+,Four,5,1.791759469228055
06,06,F,Masters Degree,5,33,22,120.4,Full-time,40,Full-time,40,N,0.0,1.0,None,None,0,0.0
06,07,F,Masters Degree,5,33,22,120.4,Full-time,40,Full-time,40,N,0.0,1.0,None,None,0,0.0
06,08,F,Masters Degree,5,33,22,120.4,Full-time,40,Full-time,40,N,0.0,1.0,None,None,0,0.0
06,09,F,Masters Degree,5,33,22,120.4,Full-time,40,Full-time,40,N,0.0,1.0,None,None,0,0.0
06,10,F,Masters Degree,5,33,22,120.4,Full-time,40,Full-time,40,N,0.0,1.0,None,None,0,0.0
06,11,F,Masters Degree,5,33,22,120.4,Full-time,40,Full-time,40,N,0.0,1.0,None,None,0,0.0
06,12,F,Masters Degree,5,33,22,120.4,Full-time,40,Full-time,40,N,0.0,1.0,None,None,2,1.0986122886681098
06,13,F,Masters Degree,5,33,22,120.4,Full-time,40,Full-time,40,N,0.0,1.0,None,None,2,1.0986122886681098
06,14,F,Masters Degree,5,33,22,120.4,Full-time,40,Full-time,40,N,0.0,1.0,None,None,6,1.9459101490553132
06,15,F,Masters Degree,5,33,22,120.4,Full-time,40,Full-time,40,N,0.0,1.0,None,None,14,2.70805020110221
06,16,F,Masters Degree,5,33,22,120.4,Full-time,40,Full-time,40,N,0.0,1.0,None,None,17,2.8903717578961645
06,17,F,Masters Degree,5,33,22,120.4,Full-time,40,Full-time,40,N,0.0,1.0,None,None,26,3.295836866004329
06,18,F,Masters Degree,5,33,22,120.4,Full-time,40,Full-time,40,N,0.0,1.0,None,None,29,3.4011973816621555
07,06,M,Masters Degree,5,30,22,114.4,Full-time,40,Full-time,40,N,0.0,0.0,None,None,0,0.0
07,07,M,Masters Degree,5,30,22,114.4,Full-time,40,Full-time,40,N,0.0,0.0,None,None,1,0.6931471805599453
07,08,M,Masters Degree,5,30,22,114.4,Full-time,40,Full-time,40,N,0.0,0.0,None,None,2,1.0986122886681098
07,09,M,Masters Degree,5,30,22,114.4,Full-time,40,Full-time,40,N,0.0,0.0,None,None,2,1.0986122886681098
07,10,M,Masters Degree,5,30,22,114.4,Full-time,40,Full-time,40,N,0.0,0.0,None,None,2,1.0986122886681098
07,11,M,Masters Degree,5,30,22,114.4,Full-time,40,Full-time,40,N,0.0,0.0,None,None,2,1.0986122886681098
07,12,M,Masters Degree,5,30,22,114.4,Full-time,40,Full-time,40,N,0.0,0.0,None,None,2,1.0986122886681098
07,13,M,Masters Degree,5,30,22,114.4,Full-time,40,Full-time,40,N,0.0,0.0,None,None,4,1.6094379124341003
07,14,M,Masters Degree,5,30,22,114.4,Full-time,40,Full-time,40,N,0.0,0.0,None,None,16,2.833213344056216
07,15,M,Masters Degree,5,30,22,114.4,Full-time,40,Full-time,40,N,0.0,0.0,None,None,24,3.2188758248682006
07,16,M,Masters Degree,5,30,22,114.4,Full-time,40,Full-time,40,N,0.0,0.0,None,None,28,3.367295829986474
07,17,M,Masters Degree,5,30,22,114.4,Full-time,40,Full-time,40,N,0.0,0.0,None,None,33,3.5263605246161616
07,18,M,Masters Degree,5,30,22,114.4,Full-time,40,Full-time,40,N,0.0,0.0,None,None,40,3.713572066704308
08,06,F,Masters Degree,5,32,22,118.6,Full-time,40,Other,NA,N,0.0,0.0,None,None,0,0.0
08,07,F,Masters Degree,5,32,22,118.6,Full-time,40,Other,NA,N,0.0,0.0,None,None,2,1.0986122886681098
08,08,F,Masters Degree,5,32,22,118.6,Full-time,40,Other,NA,N,0.0,0.0,None,None,2,1.0986122886681098
08,09,F,Masters Degree,5,32,22,118.6,Full-time,40,Other,NA,N,0.0,0.0,None,None,4,1.6094379124341003
08,10,F,Masters Degree,5,32,22,118.6,Full-time,40,Other,NA,N,0.0,0.0,None,None,10,2.3978952727983707
08,11,F,Masters Degree,5,32,22,118.6,Full-time,40,Other,NA,N,0.0,0.0,None,None,16,2.833213344056216
08,12,F,Masters Degree,5,32,22,118.6,Full-time,40,Other,NA,N,0.0,0.0,None,None,22,3.1354942159291497
08,13,F,Masters Degree,5,32,22,118.6,Full-time,40,Other,NA,N,0.0,0.0,None,None,38,3.6635616461296463
08,14,F,Masters Degree,5,32,22,118.6,Full-time,40,Other,NA,N,0.0,0.0,None,None,77,4.356708826689592
08,15,F,Masters Degree,5,32,22,118.6,Full-time,40,Other,NA,N,0.0,0.0,None,None,110,4.709530201312334
08,16,F,Masters Degree,5,32,22,118.6,Full-time,40,Other,NA,N,0.0,0.0,None,None,143,4.969813299576001
08,17,F,Masters Degree,5,32,22,118.6,Full-time,40,Other,NA,N,0.0,0.0,None,None,191,5.2574953720277815
08,18,F,Masters Degree,5,32,22,118.6,Full-time,40,Other,NA,N,0.0,0.0,None,None,232,5.4510384535657
09,06,M,Bachelors Degree,4,34,21,110.9,Full-time,40,Full-time,40,N,0.0,0.0,None,None,0,0.0
09,07,M,Bachelors Degree,4,34,21,110.9,Full-time,40,Full-time,40,N,0.0,0.0,None,None,0,0.0
09,08,M,Bachelors Degree,4,34,21,110.9,Full-time,40,Full-time,40,N,0.0,0.0,None,None,0,0.0
09,09,M,Bachelors Degree,4,34,21,110.9,Full-time,40,Full-time,40,N,0.0,0.0,None,None,0,0.0
09,10,M,Bachelors Degree,4,34,21,110.9,Full-time,40,Full-time,40,N,0.0,0.0,None,None,0,0.0
09,11,M,Bachelors Degree,4,34,21,110.9,Full-time,40,Full-time,40,N,0.0,0.0,None,None,0,0.0
09,12,M,Bachelors Degree,4,34,21,110.9,Full-time,40,Full-time,40,N,0.0,0.0,None,None,2,1.0986122886681098
09,13,M,Bachelors Degree,4,34,21,110.9,Full-time,40,Full-time,40,N,0.0,0.0,None,None,8,2.1972245773362196
09,14,M,Bachelors Degree,4,34,21,110.9,Full-time,40,Full-time,40,N,0.0,0.0,None,None,32,3.4965075614664802
09,15,M,Bachelors Degree,4,34,21,110.9,Full-time,40,Full-time,40,N,0.0,0.0,None,None,37,3.6375861597263857
09,16,M,Bachelors Degree,4,34,21,110.9,Full-time,40,Full-time,40,N,0.0,0.0,None,None,40,3.713572066704308
09,17,M,Bachelors Degree,4,34,21,110.9,Full-time,40,Full-time,40,N,0.0,0.0,None,None,63,4.1588830833596715
09,18,M,Bachelors Degree,4,34,21,110.9,Full-time,40,Full-time,40,N,0.0,0.0,None,None,88,4.48863636973214
10,06,F,Doctorate,6,32,24,112.8,Part-time,24,Full-time,60,Y,1.0,1.0,One,One,0,0.0
10,07,F,Doctorate,6,32,24,112.8,Part-time,24,Full-time,60,Y,1.0,1.0,One,One,0,0.0
10,08,F,Doctorate,6,32,24,112.8,Part-time,24,Full-time,60,Y,1.0,1.0,One,One,0,0.0
10,09,F,Doctorate,6,32,24,112.8,Part-time,24,Full-time,60,Y,1.0,1.0,One,One,2,1.0986122886681098
10,10,F,Doctorate,6,32,24,112.8,Part-time,24,Full-time,60,Y,1.0,1.0,One,One,2,1.0986122886681098
10,11,F,Doctorate,6,32,24,112.8,Part-time,24,Full-time,60,Y,1.0,1.0,One,One,3,1.3862943611198906
10,12,F,Doctorate,6,32,24,112.8,Part-time,24,Full-time,60,Y,1.0,1.0,One,One,6,1.9459101490553132
10,13,F,Doctorate,6,32,24,112.8,Part-time,24,Full-time,60,Y,1.0,1.0,One,One,12,2.5649493574615367
10,14,F,Doctorate,6,32,24,112.8,Part-time,24,Full-time,60,Y,1.0,1.0,One,One,17,2.8903717578961645
10,15,F,Doctorate,6,32,24,112.8,Part-time,24,Full-time,60,Y,1.0,1.0,One,One,22,3.1354942159291497
10,16,F,Doctorate,6,32,24,112.8,Part-time,24,Full-time,60,Y,1.0,1.0,One,One,33,3.5263605246161616
10,17,F,Doctorate,6,32,24,112.8,Part-time,24,Full-time,60,Y,1.0,1.0,One,One,48,3.8918202981106265
10,18,F,Doctorate,6,32,24,112.8,Part-time,24,Full-time,60,Y,1.0,1.0,One,One,74,4.31748811353631
11,06,M,Masters Degree,5,31,22,116.1,Full-time,30,Full-time,40,N,0.0,0.0,None,None,0,0.0
11,07,M,Masters Degree,5,31,22,116.1,Full-time,30,Full-time,40,N,0.0,0.0,None,None,0,0.0
11,08,M,Masters Degree,5,31,22,116.1,Full-time,30,Full-time,40,N,0.0,0.0,None,None,0,0.0
11,09,M,Masters Degree,5,31,22,116.1,Full-time,30,Full-time,40,N,0.0,0.0,None,None,0,0.0
11,10,M,Masters Degree,5,31,22,116.1,Full-time,30,Full-time,40,N,0.0,0.0,None,None,0,0.0
11,11,M,Masters Degree,5,31,22,116.1,Full-time,30,Full-time,40,N,0.0,0.0,None,None,1,0.6931471805599453
11,12,M,Masters Degree,5,31,22,116.1,Full-time,30,Full-time,40,N,0.0,0.0,None,None,1,0.6931471805599453
11,13,M,Masters Degree,5,31,22,116.1,Full-time,30,Full-time,40,N,0.0,0.0,None,None,1,0.6931471805599453
11,14,M,Masters Degree,5,31,22,116.1,Full-time,30,Full-time,40,N,0.0,0.0,None,None,1,0.6931471805599453
11,15,M,Masters Degree,5,31,22,116.1,Full-time,30,Full-time,40,N,0.0,0.0,None,None,5,1.791759469228055
11,16,M,Masters Degree,5,31,22,116.1,Full-time,30,Full-time,40,N,0.0,0.0,None,None,10,2.3978952727983707
11,17,M,Masters Degree,5,31,22,116.1,Full-time,30,Full-time,40,N,0.0,0.0,None,None,20,3.044522437723423
11,18,M,Masters Degree,5,31,22,116.1,Full-time,30,Full-time,40,N,0.0,0.0,None,None,18,2.9444389791664403
12,06,M,Assoc Degree,3,35,20,106.6,Part-time,20,Full-time,40,N,0.0,0.0,None,None,0,0.0
12,07,M,Assoc Degree,3,35,20,106.6,Part-time,20,Full-time,40,N,0.0,0.0,None,None,2,1.0986122886681098
12,08,M,Assoc Degree,3,35,20,106.6,Part-time,20,Full-time,40,N,0.0,0.0,None,None,5,1.791759469228055
12,09,M,Assoc Degree,3,35,20,106.6,Part-time,20,Full-time,40,N,0.0,0.0,None,None,8,2.1972245773362196
12,10,M,Assoc Degree,3,35,20,106.6,Part-time,20,Full-time,40,N,0.0,0.0,None,None,10,2.3978952727983707
12,11,M,Assoc Degree,3,35,20,106.6,Part-time,20,Full-time,40,N,0.0,0.0,None,None,11,2.4849066497880004
12,12,M,Assoc Degree,3,35,20,106.6,Part-time,20,Full-time,40,N,0.0,0.0,None,None,22,3.1354942159291497
12,13,M,Assoc Degree,3,35,20,106.6,Part-time,20,Full-time,40,N,0.0,0.0,None,None,50,3.9318256327243257
12,14,M,Assoc Degree,3,35,20,106.6,Part-time,20,Full-time,40,N,0.0,0.0,None,None,66,4.204692619390966
12,15,M,Assoc Degree,3,35,20,106.6,Part-time,20,Full-time,40,N,0.0,0.0,None,None,69,4.248495242049359
12,16,M,Assoc Degree,3,35,20,106.6,Part-time,20,Full-time,40,N,0.0,0.0,None,None,92,4.532599493153256
12,17,M,Assoc Degree,3,35,20,106.6,Part-time,20,Full-time,40,N,0.0,0.0,None,None,120,4.795790545596741
12,18,M,Assoc Degree,3,35,20,106.6,Part-time,20,Full-time,40,N,0.0,0.0,None,None,94,4.553876891600541
13,06,M,Doctorate,6,36,23,123.6,Part-time,30,Full-time,50,Y,2.0,2.0,2+,Two,0,0.0
13,07,M,Doctorate,6,36,23,123.6,Part-time,30,Full-time,50,Y,2.0,2.0,2+,Two,0,0.0
13,08,M,Doctorate,6,36,23,123.6,Part-time,30,Full-time,50,Y,2.0,2.0,2+,Two,0,0.0
13,09,M,Doctorate,6,36,23,123.6,Part-time,30,Full-time,50,Y,2.0,2.0,2+,Two,0,0.0
13,10,M,Doctorate,6,36,23,123.6,Part-time,30,Full-time,50,Y,2.0,2.0,2+,Two,0,0.0
13,11,M,Doctorate,6,36,23,123.6,Part-time,30,Full-time,50,Y,2.0,2.0,2+,Two,1,0.6931471805599453
13,12,M,Doctorate,6,36,23,123.6,Part-time,30,Full-time,50,Y,2.0,2.0,2+,Two,1,0.6931471805599453
13,13,M,Doctorate,6,36,23,123.6,Part-time,30,Full-time,50,Y,2.0,2.0,2+,Two,1,0.6931471805599453
13,14,M,Doctorate,6,36,23,123.6,Part-time,30,Full-time,50,Y,2.0,2.0,2+,Two,7,2.0794415416798357
13,15,M,Doctorate,6,36,23,123.6,Part-time,30,Full-time,50,Y,2.0,2.0,2+,Two,9,2.302585092994046
13,16,M,Doctorate,6,36,23,123.6,Part-time,30,Full-time,50,Y,2.0,2.0,2+,Two,19,2.995732273553991
13,17,M,Doctorate,6,36,23,123.6,Part-time,30,Full-time,50,Y,2.0,2.0,2+,Two,24,3.2188758248682006
13,18,M,Doctorate,6,36,23,123.6,Part-time,30,Full-time,50,Y,2.0,2.0,2+,Two,28,3.367295829986474
14,06,F,Bachelors Degree,4,37,21,111.4,Home,0,Full-time,45,Y,1.0,1.0,One,One,0,0.0
14,07,F,Bachelors Degree,4,37,21,111.4,Home,0,Full-time,45,Y,1.0,1.0,One,One,0,0.0
14,08,F,Bachelors Degree,4,37,21,111.4,Home,0,Full-time,45,Y,1.0,1.0,One,One,0,0.0
14,09,F,Bachelors Degree,4,37,21,111.4,Home,0,Full-time,45,Y,1.0,1.0,One,One,0,0.0
14,10,F,Bachelors Degree,4,37,21,111.4,Home,0,Full-time,45,Y,1.0,1.0,One,One,0,0.0
14,11,F,Bachelors Degree,4,37,21,111.4,Home,0,Full-time,45,Y,1.0,1.0,One,One,0,0.0
14,12,F,Bachelors Degree,4,37,21,111.4,Home,0,Full-time,45,Y,1.0,1.0,One,One,1,0.6931471805599453
14,13,F,Bachelors Degree,4,37,21,111.4,Home,0,Full-time,45,Y,1.0,1.0,One,One,2,1.0986122886681098
14,14,F,Bachelors Degree,4,37,21,111.4,Home,0,Full-time,45,Y,1.0,1.0,One,One,2,1.0986122886681098
14,15,F,Bachelors Degree,4,37,21,111.4,Home,0,Full-time,45,Y,1.0,1.0,One,One,3,1.3862943611198906
14,16,F,Bachelors Degree,4,37,21,111.4,Home,0,Full-time,45,Y,1.0,1.0,One,One,9,2.302585092994046
14,17,F,Bachelors Degree,4,37,21,111.4,Home,0,Full-time,45,Y,1.0,1.0,One,One,38,3.6635616461296463
14,18,F,Bachelors Degree,4,37,21,111.4,Home,0,Full-time,45,Y,1.0,1.0,One,One,39,3.6888794541139363
15,06,M,Bachelors Degree,4,42,21,116.1,Home,0,Full-time,50,Y,2.0,2.0,2+,Two,0,0.0
15,07,M,Bachelors Degree,4,42,21,116.1,Home,0,Full-time,50,Y,2.0,2.0,2+,Two,0,0.0
15,08,M,Bachelors Degree,4,42,21,116.1,Home,0,Full-time,50,Y,2.0,2.0,2+,Two,0,0.0
15,09,M,Bachelors Degree,4,42,21,116.1,Home,0,Full-time,50,Y,2.0,2.0,2+,Two,NA,NA
15,10,M,Bachelors Degree,4,42,21,116.1,Home,0,Full-time,50,Y,2.0,2.0,2+,Two,0,0.0
15,11,M,Bachelors Degree,4,42,21,116.1,Home,0,Full-time,50,Y,2.0,2.0,2+,Two,0,0.0
15,12,M,Bachelors Degree,4,42,21,116.1,Home,0,Full-time,50,Y,2.0,2.0,2+,Two,0,0.0
15,13,M,Bachelors Degree,4,42,21,116.1,Home,0,Full-time,50,Y,2.0,2.0,2+,Two,1,0.6931471805599453
15,14,M,Bachelors Degree,4,42,21,116.1,Home,0,Full-time,50,Y,2.0,2.0,2+,Two,NA,NA
15,15,M,Bachelors Degree,4,42,21,116.1,Home,0,Full-time,50,Y,2.0,2.0,2+,Two,NA,NA
15,16,M,Bachelors Degree,4,42,21,116.1,Home,0,Full-time,50,Y,2.0,2.0,2+,Two,7,2.0794415416798357
15,17,M,Bachelors Degree,4,42,21,116.1,Home,0,Full-time,50,Y,2.0,2.0,2+,Two,NA,NA
15,18,M,Bachelors Degree,4,42,21,116.1,Home,0,Full-time,50,Y,2.0,2.0,2+,Two,17,2.8903717578961645
16,06,M,Masters Degree,5,34,22,112.8,Full-time,40,Full-time,60,N,0.0,0.0,None,None,0,0.0
16,07,M,Masters Degree,5,34,22,112.8,Full-time,40,Full-time,60,N,0.0,0.0,None,None,0,0.0
16,08,M,Masters Degree,5,34,22,112.8,Full-time,40,Full-time,60,N,0.0,0.0,None,None,0,0.0
16,09,M,Masters Degree,5,34,22,112.8,Full-time,40,Full-time,60,N,0.0,0.0,None,None,0,0.0
16,10,M,Masters Degree,5,34,22,112.8,Full-time,40,Full-time,60,N,0.0,0.0,None,None,0,0.0
16,11,M,Masters Degree,5,34,22,112.8,Full-time,40,Full-time,60,N,0.0,0.0,None,None,0,0.0
16,12,M,Masters Degree,5,34,22,112.8,Full-time,40,Full-time,60,N,0.0,0.0,None,None,0,0.0
16,13,M,Masters Degree,5,34,22,112.8,Full-time,40,Full-time,60,N,0.0,0.0,None,None,4,1.6094379124341003
16,14,M,Masters Degree,5,34,22,112.8,Full-time,40,Full-time,60,N,0.0,0.0,None,None,5,1.791759469228055
16,15,M,Masters Degree,5,34,22,112.8,Full-time,40,Full-time,60,N,0.0,0.0,None,None,9,2.302585092994046
16,16,M,Masters Degree,5,34,22,112.8,Full-time,40,Full-time,60,N,0.0,0.0,None,None,10,2.3978952727983707
16,17,M,Masters Degree,5,34,22,112.8,Full-time,40,Full-time,60,N,0.0,0.0,None,None,12,2.5649493574615367
16,18,M,Masters Degree,5,34,22,112.8,Full-time,40,Full-time,60,N,0.0,0.0,None,None,24,3.2188758248682006
17,06,F,Masters Degree,5,35,22,119.2,Home,0,Full-time,40,Y,1.0,1.0,One,One,0,0.0
17,07,F,Masters Degree,5,35,22,119.2,Home,0,Full-time,40,Y,1.0,1.0,One,One,0,0.0
17,08,F,Masters Degree,5,35,22,119.2,Home,0,Full-time,40,Y,1.0,1.0,One,One,0,0.0
17,09,F,Masters Degree,5,35,22,119.2,Home,0,Full-time,40,Y,1.0,1.0,One,One,0,0.0
17,10,F,Masters Degree,5,35,22,119.2,Home,0,Full-time,40,Y,1.0,1.0,One,One,0,0.0
17,11,F,Masters Degree,5,35,22,119.2,Home,0,Full-time,40,Y,1.0,1.0,One,One,3,1.3862943611198906
17,12,F,Masters Degree,5,35,22,119.2,Home,0,Full-time,40,Y,1.0,1.0,One,One,7,2.0794415416798357
17,13,F,Masters Degree,5,35,22,119.2,Home,0,Full-time,40,Y,1.0,1.0,One,One,7,2.0794415416798357
17,14,F,Masters Degree,5,35,22,119.2,Home,0,Full-time,40,Y,1.0,1.0,One,One,15,2.772588722239781
17,15,F,Masters Degree,5,35,22,119.2,Home,0,Full-time,40,Y,1.0,1.0,One,One,20,3.044522437723423
17,16,F,Masters Degree,5,35,22,119.2,Home,0,Full-time,40,Y,1.0,1.0,One,One,22,3.1354942159291497
17,17,F,Masters Degree,5,35,22,119.2,Home,0,Full-time,40,Y,1.0,1.0,One,One,27,3.332204510175204
17,18,F,Masters Degree,5,35,22,119.2,Home,0,Full-time,40,Y,1.0,1.0,One,One,56,4.04305126783455
18,06,M,Assoc Degree,3,37,24,117.1,Full-time,40,Full-time,40,Y,1.0,1.0,One,One,0,0.0
18,07,M,Assoc Degree,3,37,24,117.1,Full-time,40,Full-time,40,Y,1.0,1.0,One,One,0,0.0
18,08,M,Assoc Degree,3,37,24,117.1,Full-time,40,Full-time,40,Y,1.0,1.0,One,One,0,0.0
18,09,M,Assoc Degree,3,37,24,117.1,Full-time,40,Full-time,40,Y,1.0,1.0,One,One,0,0.0
18,10,M,Assoc Degree,3,37,24,117.1,Full-time,40,Full-time,40,Y,1.0,1.0,One,One,3,1.3862943611198906
18,11,M,Assoc Degree,3,37,24,117.1,Full-time,40,Full-time,40,Y,1.0,1.0,One,One,4,1.6094379124341003
18,12,M,Assoc Degree,3,37,24,117.1,Full-time,40,Full-time,40,Y,1.0,1.0,One,One,5,1.791759469228055
18,13,M,Assoc Degree,3,37,24,117.1,Full-time,40,Full-time,40,Y,1.0,1.0,One,One,5,1.791759469228055
18,14,M,Assoc Degree,3,37,24,117.1,Full-time,40,Full-time,40,Y,1.0,1.0,One,One,9,2.302585092994046
18,15,M,Assoc Degree,3,37,24,117.1,Full-time,40,Full-time,40,Y,1.0,1.0,One,One,18,2.9444389791664403
18,16,M,Assoc Degree,3,37,24,117.1,Full-time,40,Full-time,40,Y,1.0,1.0,One,One,32,3.4965075614664802
18,17,M,Assoc Degree,3,37,24,117.1,Full-time,40,Full-time,40,Y,1.0,1.0,One,One,46,3.8501476017100584
18,18,M,Assoc Degree,3,37,24,117.1,Full-time,40,Full-time,40,Y,1.0,1.0,One,One,102,4.634728988229636
19,06,F,Bachelors Degree,4,28,21,120.1,Part-time,6,Full-time,40,N,0.0,0.0,None,None,0,0.0
19,07,F,Bachelors Degree,4,28,21,120.1,Part-time,6,Full-time,40,N,0.0,0.0,None,None,0,0.0
19,08,F,Bachelors Degree,4,28,21,120.1,Part-time,6,Full-time,40,N,0.0,0.0,None,None,0,0.0
19,09,F,Bachelors Degree,4,28,21,120.1,Part-time,6,Full-time,40,N,0.0,0.0,None,None,0,0.0
19,10,F,Bachelors Degree,4,28,21,120.1,Part-time,6,Full-time,40,N,0.0,0.0,None,None,0,0.0
19,11,F,Bachelors Degree,4,28,21,120.1,Part-time,6,Full-time,40,N,0.0,0.0,None,None,0,0.0
19,12,F,Bachelors Degree,4,28,21,120.1,Part-time,6,Full-time,40,N,0.0,0.0,None,None,7,2.0794415416798357
19,13,F,Bachelors Degree,4,28,21,120.1,Part-time,6,Full-time,40,N,0.0,0.0,None,None,25,3.258096538021482
19,14,F,Bachelors Degree,4,28,21,120.1,Part-time,6,Full-time,40,N,0.0,0.0,None,None,41,3.7376696182833684
19,15,F,Bachelors Degree,4,28,21,120.1,Part-time,6,Full-time,40,N,0.0,0.0,None,None,66,4.204692619390966
19,16,F,Bachelors Degree,4,28,21,120.1,Part-time,6,Full-time,40,N,0.0,0.0,None,None,132,4.890349128221754
19,17,F,Bachelors Degree,4,28,21,120.1,Part-time,6,Full-time,40,N,0.0,0.0,None,None,133,4.897839799950911
19,18,F,Bachelors Degree,4,28,21,120.1,Part-time,6,Full-time,40,N,0.0,0.0,None,None,166,5.117993812416755
20,06,F,Assoc Degree,3,29,20,105.5,Part-time,25,Other,0,N,0.0,0.0,None,None,0,0.0
20,07,F,Assoc Degree,3,29,20,105.5,Part-time,25,Other,0,N,0.0,0.0,None,None,0,0.0
20,08,F,Assoc Degree,3,29,20,105.5,Part-time,25,Other,0,N,0.0,0.0,None,None,0,0.0
20,09,F,Assoc Degree,3,29,20,105.5,Part-time,25,Other,0,N,0.0,0.0,None,None,0,0.0
20,10,F,Assoc Degree,3,29,20,105.5,Part-time,25,Other,0,N,0.0,0.0,None,None,0,0.0
20,11,F,Assoc Degree,3,29,20,105.5,Part-time,25,Other,0,N,0.0,0.0,None,None,2,1.0986122886681098
20,12,F,Assoc Degree,3,29,20,105.5,Part-time,25,Other,0,N,0.0,0.0,None,None,6,1.9459101490553132
20,13,F,Assoc Degree,3,29,20,105.5,Part-time,25,Other,0,N,0.0,0.0,None,None,7,2.0794415416798357
20,14,F,Assoc Degree,3,29,20,105.5,Part-time,25,Other,0,N,0.0,0.0,None,None,9,2.302585092994046
20,15,F,Assoc Degree,3,29,20,105.5,Part-time,25,Other,0,N,0.0,0.0,None,None,10,2.3978952727983707
20,16,F,Assoc Degree,3,29,20,105.5,Part-time,25,Other,0,N,0.0,0.0,None,None,40,3.713572066704308
20,17,F,Assoc Degree,3,29,20,105.5,Part-time,25,Other,0,N,0.0,0.0,None,None,54,4.007333185232471
20,18,F,Assoc Degree,3,29,20,105.5,Part-time,25,Other,0,N,0.0,0.0,None,None,82,4.418840607796598
21,06,M,Masters Degree,5,33,22,111.4,Full-time,30,Full-time,50,N,0.0,0.0,None,None,0,0.0
21,07,M,Masters Degree,5,33,22,111.4,Full-time,30,Full-time,50,N,0.0,0.0,None,None,0,0.0
21,08,M,Masters Degree,5,33,22,111.4,Full-time,30,Full-time,50,N,0.0,0.0,None,None,0,0.0
21,09,M,Masters Degree,5,33,22,111.4,Full-time,30,Full-time,50,N,0.0,0.0,None,None,1,0.6931471805599453
21,10,M,Masters Degree,5,33,22,111.4,Full-time,30,Full-time,50,N,0.0,0.0,None,None,9,2.302585092994046
21,11,M,Masters Degree,5,33,22,111.4,Full-time,30,Full-time,50,N,0.0,0.0,None,None,15,2.772588722239781
21,12,M,Masters Degree,5,33,22,111.4,Full-time,30,Full-time,50,N,0.0,0.0,None,None,20,3.044522437723423
21,13,M,Masters Degree,5,33,22,111.4,Full-time,30,Full-time,50,N,0.0,0.0,None,None,21,3.091042453358316
21,14,M,Masters Degree,5,33,22,111.4,Full-time,30,Full-time,50,N,0.0,0.0,None,None,22,3.1354942159291497
21,15,M,Masters Degree,5,33,22,111.4,Full-time,30,Full-time,50,N,0.0,0.0,None,None,29,3.4011973816621555
21,16,M,Masters Degree,5,33,22,111.4,Full-time,30,Full-time,50,N,0.0,0.0,None,None,15,2.772588722239781
21,17,M,Masters Degree,5,33,22,111.4,Full-time,30,Full-time,50,N,0.0,0.0,None,None,22,3.1354942159291497
21,18,M,Masters Degree,5,33,22,111.4,Full-time,30,Full-time,50,N,0.0,0.0,None,None,NA,NA
22,06,F,Bachelors Degree,4,35,21,110.8,Part-time,21,Full-time,40,N,0.0,0.0,None,None,0,0.0
22,07,F,Bachelors Degree,4,35,21,110.8,Part-time,21,Full-time,40,N,0.0,0.0,None,None,0,0.0
22,08,F,Bachelors Degree,4,35,21,110.8,Part-time,21,Full-time,40,N,0.0,0.0,None,None,0,0.0
22,09,F,Bachelors Degree,4,35,21,110.8,Part-time,21,Full-time,40,N,0.0,0.0,None,None,0,0.0
22,10,F,Bachelors Degree,4,35,21,110.8,Part-time,21,Full-time,40,N,0.0,0.0,None,None,0,0.0
22,11,F,Bachelors Degree,4,35,21,110.8,Part-time,21,Full-time,40,N,0.0,0.0,None,None,3,1.3862943611198906
22,12,F,Bachelors Degree,4,35,21,110.8,Part-time,21,Full-time,40,N,0.0,0.0,None,None,3,1.3862943611198906
22,13,F,Bachelors Degree,4,35,21,110.8,Part-time,21,Full-time,40,N,0.0,0.0,None,None,5,1.791759469228055
22,14,F,Bachelors Degree,4,35,21,110.8,Part-time,21,Full-time,40,N,0.0,0.0,None,None,8,2.1972245773362196
22,15,F,Bachelors Degree,4,35,21,110.8,Part-time,21,Full-time,40,N,0.0,0.0,None,None,20,3.044522437723423
22,16,F,Bachelors Degree,4,35,21,110.8,Part-time,21,Full-time,40,N,0.0,0.0,None,None,37,3.6375861597263857
22,17,F,Bachelors Degree,4,35,21,110.8,Part-time,21,Full-time,40,N,0.0,0.0,None,None,49,3.912023005428146
22,18,F,Bachelors Degree,4,35,21,110.8,Part-time,21,Full-time,40,N,0.0,0.0,None,None,75,4.330733340286331
23,06,M,Assoc Degree,3,34,20,111.5,Full-time,45,Full-time,40,Y,4.0,4.0,2+,Four,0,0.0
23,07,M,Assoc Degree,3,34,20,111.5,Full-time,45,Full-time,40,Y,4.0,4.0,2+,Four,0,0.0
23,08,M,Assoc Degree,3,34,20,111.5,Full-time,45,Full-time,40,Y,4.0,4.0,2+,Four,0,0.0
23,09,M,Assoc Degree,3,34,20,111.5,Full-time,45,Full-time,40,Y,4.0,4.0,2+,Four,0,0.0
23,10,M,Assoc Degree,3,34,20,111.5,Full-time,45,Full-time,40,Y,4.0,4.0,2+,Four,0,0.0
23,11,M,Assoc Degree,3,34,20,111.5,Full-time,45,Full-time,40,Y,4.0,4.0,2+,Four,0,0.0
23,12,M,Assoc Degree,3,34,20,111.5,Full-time,45,Full-time,40,Y,4.0,4.0,2+,Four,0,0.0
23,13,M,Assoc Degree,3,34,20,111.5,Full-time,45,Full-time,40,Y,4.0,4.0,2+,Four,2,1.0986122886681098
23,14,M,Assoc Degree,3,34,20,111.5,Full-time,45,Full-time,40,Y,4.0,4.0,2+,Four,3,1.3862943611198906
23,15,M,Assoc Degree,3,34,20,111.5,Full-time,45,Full-time,40,Y,4.0,4.0,2+,Four,3,1.3862943611198906
23,16,M,Assoc Degree,3,34,20,111.5,Full-time,45,Full-time,40,Y,4.0,4.0,2+,Four,NA,NA
23,17,M,Assoc Degree,3,34,20,111.5,Full-time,45,Full-time,40,Y,4.0,4.0,2+,Four,NA,NA
23,18,M,Assoc Degree,3,34,20,111.5,Full-time,45,Full-time,40,Y,4.0,4.0,2+,Four,2,1.0986122886681098
25,06,M,Bachelors Degree,4,27,21,106.0,Part-time,20,Full-time,40,N,0.0,0.0,None,None,0,0.0
25,07,M,Bachelors Degree,4,27,21,106.0,Part-time,20,Full-time,40,N,0.0,0.0,None,None,0,0.0
25,08,M,Bachelors Degree,4,27,21,106.0,Part-time,20,Full-time,40,N,0.0,0.0,None,None,0,0.0
25,09,M,Bachelors Degree,4,27,21,106.0,Part-time,20,Full-time,40,N,0.0,0.0,None,None,0,0.0
25,10,M,Bachelors Degree,4,27,21,106.0,Part-time,20,Full-time,40,N,0.0,0.0,None,None,2,1.0986122886681098
25,11,M,Bachelors Degree,4,27,21,106.0,Part-time,20,Full-time,40,N,0.0,0.0,None,None,6,1.9459101490553132
25,12,M,Bachelors Degree,4,27,21,106.0,Part-time,20,Full-time,40,N,0.0,0.0,None,None,14,2.70805020110221
25,13,M,Bachelors Degree,4,27,21,106.0,Part-time,20,Full-time,40,N,0.0,0.0,None,None,21,3.091042453358316
25,14,M,Bachelors Degree,4,27,21,106.0,Part-time,20,Full-time,40,N,0.0,0.0,None,None,25,3.258096538021482
25,15,M,Bachelors Degree,4,27,21,106.0,Part-time,20,Full-time,40,N,0.0,0.0,None,None,16,2.833213344056216
25,16,M,Bachelors Degree,4,27,21,106.0,Part-time,20,Full-time,40,N,0.0,0.0,None,None,28,3.367295829986474
25,17,M,Bachelors Degree,4,27,21,106.0,Part-time,20,Full-time,40,N,0.0,0.0,None,None,46,3.8501476017100584
25,18,M,Bachelors Degree,4,27,21,106.0,Part-time,20,Full-time,40,N,0.0,0.0,None,None,73,4.30406509320417
26,06,F,Assoc Degree,3,31,20,106.5,Part-time,16,Full-time,40,Y,1.0,1.0,One,One,0,0.0
26,07,F,Assoc Degree,3,31,20,106.5,Part-time,16,Full-time,40,Y,1.0,1.0,One,One,0,0.0
26,08,F,Assoc Degree,3,31,20,106.5,Part-time,16,Full-time,40,Y,1.0,1.0,One,One,0,0.0
26,09,F,Assoc Degree,3,31,20,106.5,Part-time,16,Full-time,40,Y,1.0,1.0,One,One,0,0.0
26,10,F,Assoc Degree,3,31,20,106.5,Part-time,16,Full-time,40,Y,1.0,1.0,One,One,0,0.0
26,11,F,Assoc Degree,3,31,20,106.5,Part-time,16,Full-time,40,Y,1.0,1.0,One,One,0,0.0
26,12,F,Assoc Degree,3,31,20,106.5,Part-time,16,Full-time,40,Y,1.0,1.0,One,One,7,2.0794415416798357
26,13,F,Assoc Degree,3,31,20,106.5,Part-time,16,Full-time,40,Y,1.0,1.0,One,One,10,2.3978952727983707
26,14,F,Assoc Degree,3,31,20,106.5,Part-time,16,Full-time,40,Y,1.0,1.0,One,One,11,2.4849066497880004
26,15,F,Assoc Degree,3,31,20,106.5,Part-time,16,Full-time,40,Y,1.0,1.0,One,One,20,3.044522437723423
26,16,F,Assoc Degree,3,31,20,106.5,Part-time,16,Full-time,40,Y,1.0,1.0,One,One,25,3.258096538021482
26,17,F,Assoc Degree,3,31,20,106.5,Part-time,16,Full-time,40,Y,1.0,1.0,One,One,27,3.332204510175204
26,18,F,Assoc Degree,3,31,20,106.5,Part-time,16,Full-time,40,Y,1.0,1.0,One,One,NA,NA
27,06,M,Doctorate,6,42,24,121.2,Full-time,35,Home,0,N,0.0,0.0,None,None,0,0.0
27,07,M,Doctorate,6,42,24,121.2,Full-time,35,Home,0,N,0.0,0.0,None,None,0,0.0
27,08,M,Doctorate,6,42,24,121.2,Full-time,35,Home,0,N,0.0,0.0,None,None,0,0.0
27,09,M,Doctorate,6,42,24,121.2,Full-time,35,Home,0,N,0.0,0.0,None,None,0,0.0
27,10,M,Doctorate,6,42,24,121.2,Full-time,35,Home,0,N,0.0,0.0,None,None,1,0.6931471805599453
27,11,M,Doctorate,6,42,24,121.2,Full-time,35,Home,0,N,0.0,0.0,None,None,1,0.6931471805599453
27,12,M,Doctorate,6,42,24,121.2,Full-time,35,Home,0,N,0.0,0.0,None,None,1,0.6931471805599453
27,13,M,Doctorate,6,42,24,121.2,Full-time,35,Home,0,N,0.0,0.0,None,None,2,1.0986122886681098
27,14,M,Doctorate,6,42,24,121.2,Full-time,35,Home,0,N,0.0,0.0,None,None,3,1.3862943611198906
27,15,M,Doctorate,6,42,24,121.2,Full-time,35,Home,0,N,0.0,0.0,None,None,2,1.0986122886681098
27,16,M,Doctorate,6,42,24,121.2,Full-time,35,Home,0,N,0.0,0.0,None,None,2,1.0986122886681098
27,17,M,Doctorate,6,42,24,121.2,Full-time,35,Home,0,N,0.0,0.0,None,None,4,1.6094379124341003
27,18,M,Doctorate,6,42,24,121.2,Full-time,35,Home,0,N,0.0,0.0,None,None,24,3.2188758248682006
28,06,F,Masters Degree,5,32,22,108.6,Full-time,40,Full-time,40,N,0.0,0.0,None,None,0,0.0
28,07,F,Masters Degree,5,32,22,108.6,Full-time,40,Full-time,40,N,0.0,0.0,None,None,NA,NA
28,08,F,Masters Degree,5,32,22,108.6,Full-time,40,Full-time,40,N,0.0,0.0,None,None,0,0.0
28,09,F,Masters Degree,5,32,22,108.6,Full-time,40,Full-time,40,N,0.0,0.0,None,None,0,0.0
28,10,F,Masters Degree,5,32,22,108.6,Full-time,40,Full-time,40,N,0.0,0.0,None,None,0,0.0
28,11,F,Masters Degree,5,32,22,108.6,Full-time,40,Full-time,40,N,0.0,0.0,None,None,3,1.3862943611198906
28,12,F,Masters Degree,5,32,22,108.6,Full-time,40,Full-time,40,N,0.0,0.0,None,None,4,1.6094379124341003
28,13,F,Masters Degree,5,32,22,108.6,Full-time,40,Full-time,40,N,0.0,0.0,None,None,16,2.833213344056216
28,14,F,Masters Degree,5,32,22,108.6,Full-time,40,Full-time,40,N,0.0,0.0,None,None,38,3.6635616461296463
28,15,F,Masters Degree,5,32,22,108.6,Full-time,40,Full-time,40,N,0.0,0.0,None,None,34,3.5553480614894135
28,16,F,Masters Degree,5,32,22,108.6,Full-time,40,Full-time,40,N,0.0,0.0,None,None,NA,NA
28,17,F,Masters Degree,5,32,22,108.6,Full-time,40,Full-time,40,N,0.0,0.0,None,None,NA,NA
28,18,F,Masters Degree,5,32,22,108.6,Full-time,40,Full-time,40,N,0.0,0.0,None,None,NA,NA
29,06,F,Bachelors Degree,4,35,21,111.6,Full-time,40,Full-time,40,N,0.0,0.0,None,None,0,0.0
29,07,F,Bachelors Degree,4,35,21,111.6,Full-time,40,Full-time,40,N,0.0,0.0,None,None,1,0.6931471805599453
29,08,F,Bachelors Degree,4,35,21,111.6,Full-time,40,Full-time,40,N,0.0,0.0,None,None,1,0.6931471805599453
29,09,F,Bachelors Degree,4,35,21,111.6,Full-time,40,Full-time,40,N,0.0,0.0,None,None,1,0.6931471805599453
29,10,F,Bachelors Degree,4,35,21,111.6,Full-time,40,Full-time,40,N,0.0,0.0,None,None,1,0.6931471805599453
29,11,F,Bachelors Degree,4,35,21,111.6,Full-time,40,Full-time,40,N,0.0,0.0,None,None,1,0.6931471805599453
29,12,F,Bachelors Degree,4,35,21,111.6,Full-time,40,Full-time,40,N,0.0,0.0,None,None,4,1.6094379124341003
29,13,F,Bachelors Degree,4,35,21,111.6,Full-time,40,Full-time,40,N,0.0,0.0,None,None,7,2.0794415416798357
29,14,F,Bachelors Degree,4,35,21,111.6,Full-time,40,Full-time,40,N,0.0,0.0,None,None,16,2.833213344056216
29,15,F,Bachelors Degree,4,35,21,111.6,Full-time,40,Full-time,40,N,0.0,0.0,None,None,14,2.70805020110221
29,16,F,Bachelors Degree,4,35,21,111.6,Full-time,40,Full-time,40,N,0.0,0.0,None,None,21,3.091042453358316
29,17,F,Bachelors Degree,4,35,21,111.6,Full-time,40,Full-time,40,N,0.0,0.0,None,None,47,3.871201010907891
29,18,F,Bachelors Degree,4,35,21,111.6,Full-time,40,Full-time,40,N,0.0,0.0,None,None,69,4.248495242049359
30,06,M,Masters Degree,5,38,22,126.5,Full-time,40,Other,0,N,0.0,0.0,None,None,0,0.0
30,07,M,Masters Degree,5,38,22,126.5,Full-time,40,Other,0,N,0.0,0.0,None,None,0,0.0
30,08,M,Masters Degree,5,38,22,126.5,Full-time,40,Other,0,N,0.0,0.0,None,None,0,0.0
30,09,M,Masters Degree,5,38,22,126.5,Full-time,40,Other,0,N,0.0,0.0,None,None,NA,NA
30,10,M,Masters Degree,5,38,22,126.5,Full-time,40,Other,0,N,0.0,0.0,None,None,1,0.6931471805599453
30,11,M,Masters Degree,5,38,22,126.5,Full-time,40,Other,0,N,0.0,0.0,None,None,1,0.6931471805599453
30,12,M,Masters Degree,5,38,22,126.5,Full-time,40,Other,0,N,0.0,0.0,None,None,4,1.6094379124341003
30,13,M,Masters Degree,5,38,22,126.5,Full-time,40,Other,0,N,0.0,0.0,None,None,3,1.3862943611198906
30,14,M,Masters Degree,5,38,22,126.5,Full-time,40,Other,0,N,0.0,0.0,None,None,3,1.3862943611198906
30,15,M,Masters Degree,5,38,22,126.5,Full-time,40,Other,0,N,0.0,0.0,None,None,4,1.6094379124341003
30,16,M,Masters Degree,5,38,22,126.5,Full-time,40,Other,0,N,0.0,0.0,None,None,6,1.9459101490553132
30,17,M,Masters Degree,5,38,22,126.5,Full-time,40,Other,0,N,0.0,0.0,None,None,NA,NA
30,18,M,Masters Degree,5,38,22,126.5,Full-time,40,Other,0,N,0.0,0.0,None,None,NA,NA
31,06,F,Masters Degree,5,35,22,121.4,Full-time,40,Home,0,Y,1.0,1.0,One,One,0,0.0
31,07,F,Masters Degree,5,35,22,121.4,Full-time,40,Home,0,Y,1.0,1.0,One,One,0,0.0
31,08,F,Masters Degree,5,35,22,121.4,Full-time,40,Home,0,Y,1.0,1.0,One,One,0,0.0
31,09,F,Masters Degree,5,35,22,121.4,Full-time,40,Home,0,Y,1.0,1.0,One,One,0,0.0
31,10,F,Masters Degree,5,35,22,121.4,Full-time,40,Home,0,Y,1.0,1.0,One,One,0,0.0
31,11,F,Masters Degree,5,35,22,121.4,Full-time,40,Home,0,Y,1.0,1.0,One,One,0,0.0
31,12,F,Masters Degree,5,35,22,121.4,Full-time,40,Home,0,Y,1.0,1.0,One,One,0,0.0
31,13,F,Masters Degree,5,35,22,121.4,Full-time,40,Home,0,Y,1.0,1.0,One,One,1,0.6931471805599453
31,14,F,Masters Degree,5,35,22,121.4,Full-time,40,Home,0,Y,1.0,1.0,One,One,3,1.3862943611198906
31,15,F,Masters Degree,5,35,22,121.4,Full-time,40,Home,0,Y,1.0,1.0,One,One,12,2.5649493574615367
31,16,F,Masters Degree,5,35,22,121.4,Full-time,40,Home,0,Y,1.0,1.0,One,One,15,2.772588722239781
31,17,F,Masters Degree,5,35,22,121.4,Full-time,40,Home,0,Y,1.0,1.0,One,One,19,2.995732273553991
31,18,F,Masters Degree,5,35,22,121.4,Full-time,40,Home,0,Y,1.0,1.0,One,One,51,3.9512437185814275
32,06,F,Masters Degree,5,32,22,121.4,Full-time,40,Full-time,40,Y,2.0,2.0,2+,Two,0,0.0
32,07,F,Masters Degree,5,32,22,121.4,Full-time,40,Full-time,40,Y,2.0,2.0,2+,Two,0,0.0
32,08,F,Masters Degree,5,32,22,121.4,Full-time,40,Full-time,40,Y,2.0,2.0,2+,Two,0,0.0
32,09,F,Masters Degree,5,32,22,121.4,Full-time,40,Full-time,40,Y,2.0,2.0,2+,Two,0,0.0
32,10,F,Masters Degree,5,32,22,121.4,Full-time,40,Full-time,40,Y,2.0,2.0,2+,Two,0,0.0
32,11,F,Masters Degree,5,32,22,121.4,Full-time,40,Full-time,40,Y,2.0,2.0,2+,Two,2,1.0986122886681098
32,12,F,Masters Degree,5,32,22,121.4,Full-time,40,Full-time,40,Y,2.0,2.0,2+,Two,2,1.0986122886681098
32,13,F,Masters Degree,5,32,22,121.4,Full-time,40,Full-time,40,Y,2.0,2.0,2+,Two,2,1.0986122886681098
32,14,F,Masters Degree,5,32,22,121.4,Full-time,40,Full-time,40,Y,2.0,2.0,2+,Two,2,1.0986122886681098
32,15,F,Masters Degree,5,32,22,121.4,Full-time,40,Full-time,40,Y,2.0,2.0,2+,Two,6,1.9459101490553132
32,16,F,Masters Degree,5,32,22,121.4,Full-time,40,Full-time,40,Y,2.0,2.0,2+,Two,9,2.302585092994046
32,17,F,Masters Degree,5,32,22,121.4,Full-time,40,Full-time,40,Y,2.0,2.0,2+,Two,10,2.3978952727983707
32,18,F,Masters Degree,5,32,22,121.4,Full-time,40,Full-time,40,Y,2.0,2.0,2+,Two,20,3.044522437723423
33,06,M,Masters Degree,5,35,22,111.8,Home,0,Full-time,50,N,0.0,0.0,None,None,0,0.0
33,07,M,Masters Degree,5,35,22,111.8,Home,0,Full-time,50,N,0.0,0.0,None,None,0,0.0
33,08,M,Masters Degree,5,35,22,111.8,Home,0,Full-time,50,N,0.0,0.0,None,None,0,0.0
33,09,M,Masters Degree,5,35,22,111.8,Home,0,Full-time,50,N,0.0,0.0,None,None,2,1.0986122886681098
33,10,M,Masters Degree,5,35,22,111.8,Home,0,Full-time,50,N,0.0,0.0,None,None,2,1.0986122886681098
33,11,M,Masters Degree,5,35,22,111.8,Home,0,Full-time,50,N,0.0,0.0,None,None,2,1.0986122886681098
33,12,M,Masters Degree,5,35,22,111.8,Home,0,Full-time,50,N,0.0,0.0,None,None,2,1.0986122886681098
33,13,M,Masters Degree,5,35,22,111.8,Home,0,Full-time,50,N,0.0,0.0,None,None,2,1.0986122886681098
33,14,M,Masters Degree,5,35,22,111.8,Home,0,Full-time,50,N,0.0,0.0,None,None,0,0.0
33,15,M,Masters Degree,5,35,22,111.8,Home,0,Full-time,50,N,0.0,0.0,None,None,0,0.0
33,16,M,Masters Degree,5,35,22,111.8,Home,0,Full-time,50,N,0.0,0.0,None,None,9,2.302585092994046
33,17,M,Masters Degree,5,35,22,111.8,Home,0,Full-time,50,N,0.0,0.0,None,None,15,2.772588722239781
33,18,M,Masters Degree,5,35,22,111.8,Home,0,Full-time,50,N,0.0,0.0,None,None,22,3.1354942159291497
34,06,M,Assoc Degree,3,33,20,107.3,Full-time,40,Full-time,40,N,0.0,0.0,None,None,0,0.0
34,07,M,Assoc Degree,3,33,20,107.3,Full-time,40,Full-time,40,N,0.0,0.0,None,None,0,0.0
34,08,M,Assoc Degree,3,33,20,107.3,Full-time,40,Full-time,40,N,0.0,0.0,None,None,0,0.0
34,09,M,Assoc Degree,3,33,20,107.3,Full-time,40,Full-time,40,N,0.0,0.0,None,None,2,1.0986122886681098
34,10,M,Assoc Degree,3,33,20,107.3,Full-time,40,Full-time,40,N,0.0,0.0,None,None,2,1.0986122886681098
34,11,M,Assoc Degree,3,33,20,107.3,Full-time,40,Full-time,40,N,0.0,0.0,None,None,2,1.0986122886681098
34,12,M,Assoc Degree,3,33,20,107.3,Full-time,40,Full-time,40,N,0.0,0.0,None,None,2,1.0986122886681098
34,13,M,Assoc Degree,3,33,20,107.3,Full-time,40,Full-time,40,N,0.0,0.0,None,None,2,1.0986122886681098
34,14,M,Assoc Degree,3,33,20,107.3,Full-time,40,Full-time,40,N,0.0,0.0,None,None,0,0.0
34,15,M,Assoc Degree,3,33,20,107.3,Full-time,40,Full-time,40,N,0.0,0.0,None,None,0,0.0
34,16,M,Assoc Degree,3,33,20,107.3,Full-time,40,Full-time,40,N,0.0,0.0,None,None,0,0.0
34,17,M,Assoc Degree,3,33,20,107.3,Full-time,40,Full-time,40,N,0.0,0.0,None,None,0,0.0
34,18,M,Assoc Degree,3,33,20,107.3,Full-time,40,Full-time,40,N,0.0,0.0,None,None,0,0.0
35,06,F,Some college,2,34,25,126.7,Home,0,Full-time,40,N,0.0,0.0,None,None,0,0.0
35,07,F,Some college,2,34,25,126.7,Home,0,Full-time,40,N,0.0,0.0,None,None,0,0.0
35,08,F,Some college,2,34,25,126.7,Home,0,Full-time,40,N,0.0,0.0,None,None,0,0.0
35,09,F,Some college,2,34,25,126.7,Home,0,Full-time,40,N,0.0,0.0,None,None,0,0.0
35,10,F,Some college,2,34,25,126.7,Home,0,Full-time,40,N,0.0,0.0,None,None,0,0.0
35,11,F,Some college,2,34,25,126.7,Home,0,Full-time,40,N,0.0,0.0,None,None,1,0.6931471805599453
35,12,F,Some college,2,34,25,126.7,Home,0,Full-time,40,N,0.0,0.0,None,None,2,1.0986122886681098
35,13,F,Some college,2,34,25,126.7,Home,0,Full-time,40,N,0.0,0.0,None,None,2,1.0986122886681098
35,14,F,Some college,2,34,25,126.7,Home,0,Full-time,40,N,0.0,0.0,None,None,2,1.0986122886681098
35,15,F,Some college,2,34,25,126.7,Home,0,Full-time,40,N,0.0,0.0,None,None,4,1.6094379124341003
35,16,F,Some college,2,34,25,126.7,Home,0,Full-time,40,N,0.0,0.0,None,None,4,1.6094379124341003
35,17,F,Some college,2,34,25,126.7,Home,0,Full-time,40,N,0.0,0.0,None,None,4,1.6094379124341003
35,18,F,Some college,2,34,25,126.7,Home,0,Full-time,40,N,0.0,0.0,None,None,5,1.791759469228055
36,06,F,Masters Degree,5,37,22,122.7,Full-time,40,Full-time,50,Y,3.0,3.0,2+,Three,0,0.0
36,07,F,Masters Degree,5,37,22,122.7,Full-time,40,Full-time,50,Y,3.0,3.0,2+,Three,0,0.0
36,08,F,Masters Degree,5,37,22,122.7,Full-time,40,Full-time,50,Y,3.0,3.0,2+,Three,0,0.0
36,09,F,Masters Degree,5,37,22,122.7,Full-time,40,Full-time,50,Y,3.0,3.0,2+,Three,0,0.0
36,10,F,Masters Degree,5,37,22,122.7,Full-time,40,Full-time,50,Y,3.0,3.0,2+,Three,0,0.0
36,11,F,Masters Degree,5,37,22,122.7,Full-time,40,Full-time,50,Y,3.0,3.0,2+,Three,0,0.0
36,12,F,Masters Degree,5,37,22,122.7,Full-time,40,Full-time,50,Y,3.0,3.0,2+,Three,0,0.0
36,13,F,Masters Degree,5,37,22,122.7,Full-time,40,Full-time,50,Y,3.0,3.0,2+,Three,0,0.0
36,14,F,Masters Degree,5,37,22,122.7,Full-time,40,Full-time,50,Y,3.0,3.0,2+,Three,0,0.0
36,15,F,Masters Degree,5,37,22,122.7,Full-time,40,Full-time,50,Y,3.0,3.0,2+,Three,1,0.6931471805599453
36,16,F,Masters Degree,5,37,22,122.7,Full-time,40,Full-time,50,Y,3.0,3.0,2+,Three,1,0.6931471805599453
36,17,F,Masters Degree,5,37,22,122.7,Full-time,40,Full-time,50,Y,3.0,3.0,2+,Three,1,0.6931471805599453
36,18,F,Masters Degree,5,37,22,122.7,Full-time,40,Full-time,50,Y,3.0,3.0,2+,Three,5,1.791759469228055
37,06,M,Bachelors Degree,4,31,21,113.9,Home,0,Full-time,40,Y,1.0,1.0,One,One,0,0.0
37,07,M,Bachelors Degree,4,31,21,113.9,Home,0,Full-time,40,Y,1.0,1.0,One,One,0,0.0
37,08,M,Bachelors Degree,4,31,21,113.9,Home,0,Full-time,40,Y,1.0,1.0,One,One,0,0.0
37,09,M,Bachelors Degree,4,31,21,113.9,Home,0,Full-time,40,Y,1.0,1.0,One,One,0,0.0
37,10,M,Bachelors Degree,4,31,21,113.9,Home,0,Full-time,40,Y,1.0,1.0,One,One,0,0.0
37,11,M,Bachelors Degree,4,31,21,113.9,Home,0,Full-time,40,Y,1.0,1.0,One,One,0,0.0
37,12,M,Bachelors Degree,4,31,21,113.9,Home,0,Full-time,40,Y,1.0,1.0,One,One,0,0.0
37,13,M,Bachelors Degree,4,31,21,113.9,Home,0,Full-time,40,Y,1.0,1.0,One,One,0,0.0
37,14,M,Bachelors Degree,4,31,21,113.9,Home,0,Full-time,40,Y,1.0,1.0,One,One,1,0.6931471805599453
37,15,M,Bachelors Degree,4,31,21,113.9,Home,0,Full-time,40,Y,1.0,1.0,One,One,1,0.6931471805599453
37,16,M,Bachelors Degree,4,31,21,113.9,Home,0,Full-time,40,Y,1.0,1.0,One,One,5,1.791759469228055
37,17,M,Bachelors Degree,4,31,21,113.9,Home,0,Full-time,40,Y,1.0,1.0,One,One,16,2.833213344056216
37,18,M,Bachelors Degree,4,31,21,113.9,Home,0,Full-time,40,Y,1.0,1.0,One,One,22,3.1354942159291497
38,06,F,Doctorate,6,35,24,109.9,Full-time,40,Full-time,40,Y,1.0,1.0,One,One,0,0.0
38,07,F,Doctorate,6,35,24,109.9,Full-time,40,Full-time,40,Y,1.0,1.0,One,One,0,0.0
38,08,F,Doctorate,6,35,24,109.9,Full-time,40,Full-time,40,Y,1.0,1.0,One,One,0,0.0
38,09,F,Doctorate,6,35,24,109.9,Full-time,40,Full-time,40,Y,1.0,1.0,One,One,0,0.0
38,10,F,Doctorate,6,35,24,109.9,Full-time,40,Full-time,40,Y,1.0,1.0,One,One,0,0.0
38,11,F,Doctorate,6,35,24,109.9,Full-time,40,Full-time,40,Y,1.0,1.0,One,One,6,1.9459101490553132
38,12,F,Doctorate,6,35,24,109.9,Full-time,40,Full-time,40,Y,1.0,1.0,One,One,NA,NA
38,13,F,Doctorate,6,35,24,109.9,Full-time,40,Full-time,40,Y,1.0,1.0,One,One,10,2.3978952727983707
38,14,F,Doctorate,6,35,24,109.9,Full-time,40,Full-time,40,Y,1.0,1.0,One,One,11,2.4849066497880004
38,15,F,Doctorate,6,35,24,109.9,Full-time,40,Full-time,40,Y,1.0,1.0,One,One,17,2.8903717578961645
38,16,F,Doctorate,6,35,24,109.9,Full-time,40,Full-time,40,Y,1.0,1.0,One,One,21,3.091042453358316
38,17,F,Doctorate,6,35,24,109.9,Full-time,40,Full-time,40,Y,1.0,1.0,One,One,26,3.295836866004329
38,18,F,Doctorate,6,35,24,109.9,Full-time,40,Full-time,40,Y,1.0,1.0,One,One,35,3.58351893845611
39,06,F,Some college,2,28,25,111.0,Home,0,Full-time,45,Y,2.0,2.0,2+,Two,0,0.0
39,07,F,Some college,2,28,25,111.0,Home,0,Full-time,45,Y,2.0,2.0,2+,Two,0,0.0
39,08,F,Some college,2,28,25,111.0,Home,0,Full-time,45,Y,2.0,2.0,2+,Two,0,0.0
39,09,F,Some college,2,28,25,111.0,Home,0,Full-time,45,Y,2.0,2.0,2+,Two,0,0.0
39,10,F,Some college,2,28,25,111.0,Home,0,Full-time,45,Y,2.0,2.0,2+,Two,0,0.0
39,11,F,Some college,2,28,25,111.0,Home,0,Full-time,45,Y,2.0,2.0,2+,Two,1,0.6931471805599453
39,12,F,Some college,2,28,25,111.0,Home,0,Full-time,45,Y,2.0,2.0,2+,Two,NA,NA
39,13,F,Some college,2,28,25,111.0,Home,0,Full-time,45,Y,2.0,2.0,2+,Two,NA,NA
39,14,F,Some college,2,28,25,111.0,Home,0,Full-time,45,Y,2.0,2.0,2+,Two,1,0.6931471805599453
39,15,F,Some college,2,28,25,111.0,Home,0,Full-time,45,Y,2.0,2.0,2+,Two,2,1.0986122886681098
39,16,F,Some college,2,28,25,111.0,Home,0,Full-time,45,Y,2.0,2.0,2+,Two,3,1.3862943611198906
39,17,F,Some college,2,28,25,111.0,Home,0,Full-time,45,Y,2.0,2.0,2+,Two,NA,NA
39,18,F,Some college,2,28,25,111.0,Home,0,Full-time,45,Y,2.0,2.0,2+,Two,NA,NA
40,06,M,Masters Degree,5,34,22,117.8,Home,0,Full-time,50,Y,2.0,2.0,2+,Two,0,0.0
40,07,M,Masters Degree,5,34,22,117.8,Home,0,Full-time,50,Y,2.0,2.0,2+,Two,0,0.0
40,08,M,Masters Degree,5,34,22,117.8,Home,0,Full-time,50,Y,2.0,2.0,2+,Two,NA,NA
40,09,M,Masters Degree,5,34,22,117.8,Home,0,Full-time,50,Y,2.0,2.0,2+,Two,0,0.0
40,10,M,Masters Degree,5,34,22,117.8,Home,0,Full-time,50,Y,2.0,2.0,2+,Two,0,0.0
40,11,M,Masters Degree,5,34,22,117.8,Home,0,Full-time,50,Y,2.0,2.0,2+,Two,0,0.0
40,12,M,Masters Degree,5,34,22,117.8,Home,0,Full-time,50,Y,2.0,2.0,2+,Two,0,0.0
40,13,M,Masters Degree,5,34,22,117.8,Home,0,Full-time,50,Y,2.0,2.0,2+,Two,0,0.0
40,14,M,Masters Degree,5,34,22,117.8,Home,0,Full-time,50,Y,2.0,2.0,2+,Two,1,0.6931471805599453
40,15,M,Masters Degree,5,34,22,117.8,Home,0,Full-time,50,Y,2.0,2.0,2+,Two,NA,NA
40,16,M,Masters Degree,5,34,22,117.8,Home,0,Full-time,50,Y,2.0,2.0,2+,Two,1,0.6931471805599453
40,17,M,Masters Degree,5,34,22,117.8,Home,0,Full-time,50,Y,2.0,2.0,2+,Two,NA,NA
40,18,M,Masters Degree,5,34,22,117.8,Home,0,Full-time,50,Y,2.0,2.0,2+,Two,NA,NA
41,06,M,Masters Degree,5,41,22,102.2,Home,0,Full-time,40,Y,1.0,1.0,One,One,0,0.0
41,07,M,Masters Degree,5,41,22,102.2,Home,0,Full-time,40,Y,1.0,1.0,One,One,0,0.0
41,08,M,Masters Degree,5,41,22,102.2,Home,0,Full-time,40,Y,1.0,1.0,One,One,0,0.0
41,09,M,Masters Degree,5,41,22,102.2,Home,0,Full-time,40,Y,1.0,1.0,One,One,0,0.0
41,10,M,Masters Degree,5,41,22,102.2,Home,0,Full-time,40,Y,1.0,1.0,One,One,0,0.0
41,11,M,Masters Degree,5,41,22,102.2,Home,0,Full-time,40,Y,1.0,1.0,One,One,0,0.0
41,12,M,Masters Degree,5,41,22,102.2,Home,0,Full-time,40,Y,1.0,1.0,One,One,2,1.0986122886681098
41,13,M,Masters Degree,5,41,22,102.2,Home,0,Full-time,40,Y,1.0,1.0,One,One,2,1.0986122886681098
41,14,M,Masters Degree,5,41,22,102.2,Home,0,Full-time,40,Y,1.0,1.0,One,One,4,1.6094379124341003
41,15,M,Masters Degree,5,41,22,102.2,Home,0,Full-time,40,Y,1.0,1.0,One,One,5,1.791759469228055
41,16,M,Masters Degree,5,41,22,102.2,Home,0,Full-time,40,Y,1.0,1.0,One,One,8,2.1972245773362196
41,17,M,Masters Degree,5,41,22,102.2,Home,0,Full-time,40,Y,1.0,1.0,One,One,13,2.6390573296152584
41,18,M,Masters Degree,5,41,22,102.2,Home,0,Full-time,40,Y,1.0,1.0,One,One,NA,NA
42,06,F,Masters Degree,5,41,22,102.2,Home,0,Full-time,40,Y,1.0,1.0,One,One,0,0.0
42,07,F,Masters Degree,5,41,22,102.2,Home,0,Full-time,40,Y,1.0,1.0,One,One,0,0.0
42,08,F,Masters Degree,5,41,22,102.2,Home,0,Full-time,40,Y,1.0,1.0,One,One,0,0.0
42,09,F,Masters Degree,5,41,22,102.2,Home,0,Full-time,40,Y,1.0,1.0,One,One,0,0.0
42,10,F,Masters Degree,5,41,22,102.2,Home,0,Full-time,40,Y,1.0,1.0,One,One,0,0.0
42,11,F,Masters Degree,5,41,22,102.2,Home,0,Full-time,40,Y,1.0,1.0,One,One,0,0.0
42,12,F,Masters Degree,5,41,22,102.2,Home,0,Full-time,40,Y,1.0,1.0,One,One,3,1.3862943611198906
42,13,F,Masters Degree,5,41,22,102.2,Home,0,Full-time,40,Y,1.0,1.0,One,One,1,0.6931471805599453
42,14,F,Masters Degree,5,41,22,102.2,Home,0,Full-time,40,Y,1.0,1.0,One,One,3,1.3862943611198906
42,15,F,Masters Degree,5,41,22,102.2,Home,0,Full-time,40,Y,1.0,1.0,One,One,7,2.0794415416798357
42,16,F,Masters Degree,5,41,22,102.2,Home,0,Full-time,40,Y,1.0,1.0,One,One,14,2.70805020110221
42,17,F,Masters Degree,5,41,22,102.2,Home,0,Full-time,40,Y,1.0,1.0,One,One,22,3.1354942159291497
42,18,F,Masters Degree,5,41,22,102.2,Home,0,Full-time,40,Y,1.0,1.0,One,One,NA,NA
43,06,F,High School,1,23,16,113.2,Home,0,Full-time,40,N,0.0,0.0,None,None,0,0.0
43,07,F,High School,1,23,16,113.2,Home,0,Full-time,40,N,0.0,0.0,None,None,0,0.0
43,08,F,High School,1,23,16,113.2,Home,0,Full-time,40,N,0.0,0.0,None,None,0,0.0
43,09,F,High School,1,23,16,113.2,Home,0,Full-time,40,N,0.0,0.0,None,None,0,0.0
43,10,F,High School,1,23,16,113.2,Home,0,Full-time,40,N,0.0,0.0,None,None,0,0.0
43,11,F,High School,1,23,16,113.2,Home,0,Full-time,40,N,0.0,0.0,None,None,0,0.0
43,12,F,High School,1,23,16,113.2,Home,0,Full-time,40,N,0.0,0.0,None,None,1,0.6931471805599453
43,13,F,High School,1,23,16,113.2,Home,0,Full-time,40,N,0.0,0.0,None,None,0,0.0
43,14,F,High School,1,23,16,113.2,Home,0,Full-time,40,N,0.0,0.0,None,None,0,0.0
43,15,F,High School,1,23,16,113.2,Home,0,Full-time,40,N,0.0,0.0,None,None,0,0.0
43,16,F,High School,1,23,16,113.2,Home,0,Full-time,40,N,0.0,0.0,None,None,0,0.0
43,17,F,High School,1,23,16,113.2,Home,0,Full-time,40,N,0.0,0.0,None,None,0,0.0
43,18,F,High School,1,23,16,113.2,Home,0,Full-time,40,N,0.0,0.0,None,None,0,0.0
44,06,F,Assoc Degree,3,37,25,98.0,Home,0,Full-time,40,Y,3.0,3.0,2+,Three,0,0.0
44,07,F,Assoc Degree,3,37,25,98.0,Home,0,Full-time,40,Y,3.0,3.0,2+,Three,0,0.0
44,08,F,Assoc Degree,3,37,25,98.0,Home,0,Full-time,40,Y,3.0,3.0,2+,Three,1,0.6931471805599453
44,09,F,Assoc Degree,3,37,25,98.0,Home,0,Full-time,40,Y,3.0,3.0,2+,Three,1,0.6931471805599453
44,10,F,Assoc Degree,3,37,25,98.0,Home,0,Full-time,40,Y,3.0,3.0,2+,Three,1,0.6931471805599453
44,11,F,Assoc Degree,3,37,25,98.0,Home,0,Full-time,40,Y,3.0,3.0,2+,Three,1,0.6931471805599453
44,12,F,Assoc Degree,3,37,25,98.0,Home,0,Full-time,40,Y,3.0,3.0,2+,Three,1,0.6931471805599453
44,13,F,Assoc Degree,3,37,25,98.0,Home,0,Full-time,40,Y,3.0,3.0,2+,Three,1,0.6931471805599453
44,14,F,Assoc Degree,3,37,25,98.0,Home,0,Full-time,40,Y,3.0,3.0,2+,Three,2,1.0986122886681098
44,15,F,Assoc Degree,3,37,25,98.0,Home,0,Full-time,40,Y,3.0,3.0,2+,Three,2,1.0986122886681098
44,16,F,Assoc Degree,3,37,25,98.0,Home,0,Full-time,40,Y,3.0,3.0,2+,Three,2,1.0986122886681098
44,17,F,Assoc Degree,3,37,25,98.0,Home,0,Full-time,40,Y,3.0,3.0,2+,Three,9,2.302585092994046
44,18,F,Assoc Degree,3,37,25,98.0,Home,0,Full-time,40,Y,3.0,3.0,2+,Three,14,2.70805020110221
45,06,M,Bachelors Degree,4,27,28,110.9,Home,0,Full-time,40,Y,1.0,1.0,One,One,0,0.0
45,07,M,Bachelors Degree,4,27,28,110.9,Home,0,Full-time,40,Y,1.0,1.0,One,One,2,1.0986122886681098
45,08,M,Bachelors Degree,4,27,28,110.9,Home,0,Full-time,40,Y,1.0,1.0,One,One,3,1.3862943611198906
45,09,M,Bachelors Degree,4,27,28,110.9,Home,0,Full-time,40,Y,1.0,1.0,One,One,3,1.3862943611198906
45,10,M,Bachelors Degree,4,27,28,110.9,Home,0,Full-time,40,Y,1.0,1.0,One,One,4,1.6094379124341003
45,11,M,Bachelors Degree,4,27,28,110.9,Home,0,Full-time,40,Y,1.0,1.0,One,One,9,2.302585092994046
45,12,M,Bachelors Degree,4,27,28,110.9,Home,0,Full-time,40,Y,1.0,1.0,One,One,10,2.3978952727983707
45,13,M,Bachelors Degree,4,27,28,110.9,Home,0,Full-time,40,Y,1.0,1.0,One,One,21,3.091042453358316
45,14,M,Bachelors Degree,4,27,28,110.9,Home,0,Full-time,40,Y,1.0,1.0,One,One,21,3.091042453358316
45,15,M,Bachelors Degree,4,27,28,110.9,Home,0,Full-time,40,Y,1.0,1.0,One,One,1,0.6931471805599453
45,16,M,Bachelors Degree,4,27,28,110.9,Home,0,Full-time,40,Y,1.0,1.0,One,One,1,0.6931471805599453
45,17,M,Bachelors Degree,4,27,28,110.9,Home,0,Full-time,40,Y,1.0,1.0,One,One,5,1.791759469228055
45,18,M,Bachelors Degree,4,27,28,110.9,Home,0,Full-time,40,Y,1.0,1.0,One,One,7,2.0794415416798357
46,06,M,Bachelors Degree,4,31,21,118.1,Part-time,16,Other,NA,N,0.0,0.0,None,None,0,0.0
46,07,M,Bachelors Degree,4,31,21,118.1,Part-time,16,Other,NA,N,0.0,0.0,None,None,0,0.0
46,08,M,Bachelors Degree,4,31,21,118.1,Part-time,16,Other,NA,N,0.0,0.0,None,None,0,0.0
46,09,M,Bachelors Degree,4,31,21,118.1,Part-time,16,Other,NA,N,0.0,0.0,None,None,0,0.0
46,10,M,Bachelors Degree,4,31,21,118.1,Part-time,16,Other,NA,N,0.0,0.0,None,None,0,0.0
46,11,M,Bachelors Degree,4,31,21,118.1,Part-time,16,Other,NA,N,0.0,0.0,None,None,2,1.0986122886681098
46,12,M,Bachelors Degree,4,31,21,118.1,Part-time,16,Other,NA,N,0.0,0.0,None,None,NA,NA
46,13,M,Bachelors Degree,4,31,21,118.1,Part-time,16,Other,NA,N,0.0,0.0,None,None,1,0.6931471805599453
46,14,M,Bachelors Degree,4,31,21,118.1,Part-time,16,Other,NA,N,0.0,0.0,None,None,1,0.6931471805599453
46,15,M,Bachelors Degree,4,31,21,118.1,Part-time,16,Other,NA,N,0.0,0.0,None,None,4,1.6094379124341003
46,16,M,Bachelors Degree,4,31,21,118.1,Part-time,16,Other,NA,N,0.0,0.0,None,None,4,1.6094379124341003
46,17,M,Bachelors Degree,4,31,21,118.1,Part-time,16,Other,NA,N,0.0,0.0,None,None,10,2.3978952727983707
46,18,M,Bachelors Degree,4,31,21,118.1,Part-time,16,Other,NA,N,0.0,0.0,None,None,19,2.995732273553991
