subj,month,n,PC,sex,MOTedu,MOTwork,MOTworkhours,FATwork,FATworkhours,Siblings18,Siblings,SibsYN,SibGroup,SibsDiscrete,MOTedulevel,MOTage,PVT.ED,PVT.score
01,06,61,0.5083333333333333,F,Masters Degree,Part-time,30,Full-time,50,1.0,1.0,Y,One,One,5,33,22,119.5
01,07,69,0.711340206185567,F,Masters Degree,Part-time,30,Full-time,50,1.0,1.0,Y,One,One,5,33,22,119.5
01,08,152,0.38095238095238093,F,Masters Degree,Part-time,30,Full-time,50,1.0,1.0,Y,One,One,5,33,22,119.5
01,09,59,0.7195121951219512,F,Masters Degree,Part-time,30,Full-time,50,1.0,1.0,Y,One,One,5,33,22,119.5
01,10,129,0.5657894736842105,F,Masters Degree,Part-time,30,Full-time,50,1.0,1.0,Y,One,One,5,33,22,119.5
01,11,64,0.6037735849056604,F,Masters Degree,Part-time,30,Full-time,50,1.0,1.0,Y,One,One,5,33,22,119.5
01,12,126,0.5753424657534246,F,Masters Degree,Part-time,30,Full-time,50,1.0,1.0,Y,One,One,5,33,22,119.5
01,13,149,0.6081632653061224,F,Masters Degree,Part-time,30,Full-time,50,1.0,1.0,Y,One,One,5,33,22,119.5
01,14,59,0.6483516483516484,F,Masters Degree,Part-time,30,Full-time,50,1.0,1.0,Y,One,One,5,33,22,119.5
01,15,113,0.47478991596638653,F,Masters Degree,Part-time,30,Full-time,50,1.0,1.0,Y,One,One,5,33,22,119.5
01,16,64,0.49230769230769234,F,Masters Degree,Part-time,30,Full-time,50,1.0,1.0,Y,One,One,5,33,22,119.5
01,17,202,0.7163120567375887,F,Masters Degree,Part-time,30,Full-time,50,1.0,1.0,Y,One,One,5,33,22,119.5
02,06,29,0.5,M,Masters Degree,Home,0,Full-time,40,1.0,1.0,Y,One,One,5,33,22,116.4
02,07,31,0.6595744680851063,M,Masters Degree,Home,0,Full-time,40,1.0,1.0,Y,One,One,5,33,22,116.4
02,08,108,0.5142857142857142,M,Masters Degree,Home,0,Full-time,40,1.0,1.0,Y,One,One,5,33,22,116.4
02,09,84,0.6222222222222222,M,Masters Degree,Home,0,Full-time,40,1.0,1.0,Y,One,One,5,33,22,116.4
02,10,133,0.6273584905660378,M,Masters Degree,Home,0,Full-time,40,1.0,1.0,Y,One,One,5,33,22,116.4
02,11,119,0.5534883720930233,M,Masters Degree,Home,0,Full-time,40,1.0,1.0,Y,One,One,5,33,22,116.4
02,12,156,0.7722772277227723,M,Masters Degree,Home,0,Full-time,40,1.0,1.0,Y,One,One,5,33,22,116.4
02,13,120,0.8108108108108109,M,Masters Degree,Home,0,Full-time,40,1.0,1.0,Y,One,One,5,33,22,116.4
02,14,90,0.5232558139534884,M,Masters Degree,Home,0,Full-time,40,1.0,1.0,Y,One,One,5,33,22,116.4
02,15,158,0.5096774193548387,M,Masters Degree,Home,0,Full-time,40,1.0,1.0,Y,One,One,5,33,22,116.4
02,16,204,0.7472527472527473,M,Masters Degree,Home,0,Full-time,40,1.0,1.0,Y,One,One,5,33,22,116.4
02,17,141,0.6527777777777778,M,Masters Degree,Home,0,Full-time,40,1.0,1.0,Y,One,One,5,33,22,116.4
03,06,27,0.5,M,Bachelors Degree,Home,0,Full-time,40,1.0,1.0,Y,One,One,4,32,21,108.5
03,07,92,0.6814814814814815,M,Bachelors Degree,Home,0,Full-time,40,1.0,1.0,Y,One,One,4,32,21,108.5
03,08,114,0.6031746031746031,M,Bachelors Degree,Home,0,Full-time,40,1.0,1.0,Y,One,One,4,32,21,108.5
03,09,204,0.6688524590163935,M,Bachelors Degree,Home,0,Full-time,40,1.0,1.0,Y,One,One,4,32,21,108.5
03,10,148,0.37755102040816324,M,Bachelors Degree,Home,0,Full-time,40,1.0,1.0,Y,One,One,4,32,21,108.5
03,11,104,0.6459627329192547,M,Bachelors Degree,Home,0,Full-time,40,1.0,1.0,Y,One,One,4,32,21,108.5
03,12,66,0.5238095238095238,M,Bachelors Degree,Home,0,Full-time,40,1.0,1.0,Y,One,One,4,32,21,108.5
03,13,68,0.6868686868686869,M,Bachelors Degree,Home,0,Full-time,40,1.0,1.0,Y,One,One,4,32,21,108.5
03,14,91,0.6546762589928058,M,Bachelors Degree,Home,0,Full-time,40,1.0,1.0,Y,One,One,4,32,21,108.5
03,15,68,0.4892086330935252,M,Bachelors Degree,Home,0,Full-time,40,1.0,1.0,Y,One,One,4,32,21,108.5
03,16,183,0.6059602649006622,M,Bachelors Degree,Home,0,Full-time,40,1.0,1.0,Y,One,One,4,32,21,108.5
03,17,56,0.5,M,Bachelors Degree,Home,0,Full-time,40,1.0,1.0,Y,One,One,4,32,21,108.5
04,06,46,0.6052631578947368,M,Some college,Home,0,Full-time,40,4.0,4.0,Y,2+,Four,2,35,25,117.2
04,07,83,0.7614678899082569,M,Some college,Home,0,Full-time,40,4.0,4.0,Y,2+,Four,2,35,25,117.2
04,08,56,0.6588235294117647,M,Some college,Home,0,Full-time,40,4.0,4.0,Y,2+,Four,2,35,25,117.2
04,09,108,0.7448275862068966,M,Some college,Home,0,Full-time,40,4.0,4.0,Y,2+,Four,2,35,25,117.2
04,10,50,0.42735042735042733,M,Some college,Home,0,Full-time,40,4.0,4.0,Y,2+,Four,2,35,25,117.2
04,11,114,0.6993865030674846,M,Some college,Home,0,Full-time,40,4.0,4.0,Y,2+,Four,2,35,25,117.2
04,12,51,0.408,M,Some college,Home,0,Full-time,40,4.0,4.0,Y,2+,Four,2,35,25,117.2
04,13,121,0.5960591133004927,M,Some college,Home,0,Full-time,40,4.0,4.0,Y,2+,Four,2,35,25,117.2
04,14,48,0.3380281690140845,M,Some college,Home,0,Full-time,40,4.0,4.0,Y,2+,Four,2,35,25,117.2
04,15,94,0.6861313868613139,M,Some college,Home,0,Full-time,40,4.0,4.0,Y,2+,Four,2,35,25,117.2
04,16,65,0.6989247311827957,M,Some college,Home,0,Full-time,40,4.0,4.0,Y,2+,Four,2,35,25,117.2
04,17,174,0.6126760563380281,M,Some college,Home,0,Full-time,40,4.0,4.0,Y,2+,Four,2,35,25,117.2
06,06,71,0.7473684210526316,F,Masters Degree,Full-time,40,Full-time,40,1.0,0.0,N,None,None,5,33,22,120.4
06,07,154,0.77,F,Masters Degree,Full-time,40,Full-time,40,1.0,0.0,N,None,None,5,33,22,120.4
06,08,125,0.5434782608695652,F,Masters Degree,Full-time,40,Full-time,40,1.0,0.0,N,None,None,5,33,22,120.4
06,09,52,0.45217391304347826,F,Masters Degree,Full-time,40,Full-time,40,1.0,0.0,N,None,None,5,33,22,120.4
06,10,59,0.4796747967479675,F,Masters Degree,Full-time,40,Full-time,40,1.0,0.0,N,None,None,5,33,22,120.4
06,11,102,0.5543478260869565,F,Masters Degree,Full-time,40,Full-time,40,1.0,0.0,N,None,None,5,33,22,120.4
06,12,77,0.6581196581196581,F,Masters Degree,Full-time,40,Full-time,40,1.0,0.0,N,None,None,5,33,22,120.4
06,13,151,0.5676691729323309,F,Masters Degree,Full-time,40,Full-time,40,1.0,0.0,N,None,None,5,33,22,120.4
06,14,77,0.4502923976608187,F,Masters Degree,Full-time,40,Full-time,40,1.0,0.0,N,None,None,5,33,22,120.4
06,15,156,0.6995515695067265,F,Masters Degree,Full-time,40,Full-time,40,1.0,0.0,N,None,None,5,33,22,120.4
06,16,76,0.49032258064516127,F,Masters Degree,Full-time,40,Full-time,40,1.0,0.0,N,None,None,5,33,22,120.4
06,17,207,0.6571428571428571,F,Masters Degree,Full-time,40,Full-time,40,1.0,0.0,N,None,None,5,33,22,120.4
07,06,132,0.7374301675977654,M,Masters Degree,Full-time,40,Full-time,40,0.0,0.0,N,None,None,5,30,22,114.4
07,07,72,0.7741935483870968,M,Masters Degree,Full-time,40,Full-time,40,0.0,0.0,N,None,None,5,30,22,114.4
07,08,73,0.4451219512195122,M,Masters Degree,Full-time,40,Full-time,40,0.0,0.0,N,None,None,5,30,22,114.4
07,09,61,0.6703296703296703,M,Masters Degree,Full-time,40,Full-time,40,0.0,0.0,N,None,None,5,30,22,114.4
07,10,59,0.28502415458937197,M,Masters Degree,Full-time,40,Full-time,40,0.0,0.0,N,None,None,5,30,22,114.4
07,11,58,0.6373626373626373,M,Masters Degree,Full-time,40,Full-time,40,0.0,0.0,N,None,None,5,30,22,114.4
07,12,87,0.6170212765957447,M,Masters Degree,Full-time,40,Full-time,40,0.0,0.0,N,None,None,5,30,22,114.4
07,13,84,0.5833333333333334,M,Masters Degree,Full-time,40,Full-time,40,0.0,0.0,N,None,None,5,30,22,114.4
07,14,89,0.7355371900826446,M,Masters Degree,Full-time,40,Full-time,40,0.0,0.0,N,None,None,5,30,22,114.4
07,15,159,0.6973684210526315,M,Masters Degree,Full-time,40,Full-time,40,0.0,0.0,N,None,None,5,30,22,114.4
07,16,125,0.6756756756756757,M,Masters Degree,Full-time,40,Full-time,40,0.0,0.0,N,None,None,5,30,22,114.4
07,17,180,0.6428571428571429,M,Masters Degree,Full-time,40,Full-time,40,0.0,0.0,N,None,None,5,30,22,114.4
08,06,40,0.8163265306122449,F,Masters Degree,Full-time,40,Other,NA,0.0,0.0,N,None,None,5,32,22,118.6
08,07,43,0.7166666666666667,F,Masters Degree,Full-time,40,Other,NA,0.0,0.0,N,None,None,5,32,22,118.6
08,08,82,0.7008547008547008,F,Masters Degree,Full-time,40,Other,NA,0.0,0.0,N,None,None,5,32,22,118.6
08,09,45,0.6081081081081081,F,Masters Degree,Full-time,40,Other,NA,0.0,0.0,N,None,None,5,32,22,118.6
08,10,78,0.8666666666666667,F,Masters Degree,Full-time,40,Other,NA,0.0,0.0,N,None,None,5,32,22,118.6
08,11,84,0.4827586206896552,F,Masters Degree,Full-time,40,Other,NA,0.0,0.0,N,None,None,5,32,22,118.6
08,12,208,0.7428571428571429,F,Masters Degree,Full-time,40,Other,NA,0.0,0.0,N,None,None,5,32,22,118.6
08,13,113,0.5885416666666666,F,Masters Degree,Full-time,40,Other,NA,0.0,0.0,N,None,None,5,32,22,118.6
08,14,88,0.6153846153846154,F,Masters Degree,Full-time,40,Other,NA,0.0,0.0,N,None,None,5,32,22,118.6
08,15,93,0.6690647482014388,F,Masters Degree,Full-time,40,Other,NA,0.0,0.0,N,None,None,5,32,22,118.6
08,16,200,0.5154639175257731,F,Masters Degree,Full-time,40,Other,NA,0.0,0.0,N,None,None,5,32,22,118.6
08,17,69,0.4928571428571429,F,Masters Degree,Full-time,40,Other,NA,0.0,0.0,N,None,None,5,32,22,118.6
09,06,33,0.673469387755102,M,Bachelors Degree,Full-time,40,Full-time,40,0.0,0.0,N,None,None,4,34,21,110.9
09,07,25,0.4098360655737705,M,Bachelors Degree,Full-time,40,Full-time,40,0.0,0.0,N,None,None,4,34,21,110.9
09,08,31,0.47692307692307695,M,Bachelors Degree,Full-time,40,Full-time,40,0.0,0.0,N,None,None,4,34,21,110.9
09,09,89,0.5085714285714286,M,Bachelors Degree,Full-time,40,Full-time,40,0.0,0.0,N,None,None,4,34,21,110.9
09,10,33,0.6470588235294118,M,Bachelors Degree,Full-time,40,Full-time,40,0.0,0.0,N,None,None,4,34,21,110.9
09,11,23,0.6216216216216216,M,Bachelors Degree,Full-time,40,Full-time,40,0.0,0.0,N,None,None,4,34,21,110.9
09,12,138,0.575,M,Bachelors Degree,Full-time,40,Full-time,40,0.0,0.0,N,None,None,4,34,21,110.9
09,13,65,0.48872180451127817,M,Bachelors Degree,Full-time,40,Full-time,40,0.0,0.0,N,None,None,4,34,21,110.9
09,14,81,0.5472972972972973,M,Bachelors Degree,Full-time,40,Full-time,40,0.0,0.0,N,None,None,4,34,21,110.9
09,17,147,0.588,M,Bachelors Degree,Full-time,40,Full-time,40,0.0,0.0,N,None,None,4,34,21,110.9
10,06,119,0.7391304347826086,F,Doctorate,Part-time,24,Full-time,60,1.0,1.0,Y,One,One,6,32,24,112.8
10,07,89,0.9081632653061225,F,Doctorate,Part-time,24,Full-time,60,1.0,1.0,Y,One,One,6,32,24,112.8
10,08,66,0.6111111111111112,F,Doctorate,Part-time,24,Full-time,60,1.0,1.0,Y,One,One,6,32,24,112.8
10,09,156,0.7155963302752294,F,Doctorate,Part-time,24,Full-time,60,1.0,1.0,Y,One,One,6,32,24,112.8
10,10,144,0.5106382978723404,F,Doctorate,Part-time,24,Full-time,60,1.0,1.0,Y,One,One,6,32,24,112.8
10,11,110,0.55,F,Doctorate,Part-time,24,Full-time,60,1.0,1.0,Y,One,One,6,32,24,112.8
10,12,124,0.4679245283018868,F,Doctorate,Part-time,24,Full-time,60,1.0,1.0,Y,One,One,6,32,24,112.8
10,13,74,0.6218487394957983,F,Doctorate,Part-time,24,Full-time,60,1.0,1.0,Y,One,One,6,32,24,112.8
10,14,162,0.6254826254826255,F,Doctorate,Part-time,24,Full-time,60,1.0,1.0,Y,One,One,6,32,24,112.8
10,15,150,0.6550218340611353,F,Doctorate,Part-time,24,Full-time,60,1.0,1.0,Y,One,One,6,32,24,112.8
10,16,176,0.624113475177305,F,Doctorate,Part-time,24,Full-time,60,1.0,1.0,Y,One,One,6,32,24,112.8
10,17,53,0.3333333333333333,F,Doctorate,Part-time,24,Full-time,60,1.0,1.0,Y,One,One,6,32,24,112.8
11,06,159,0.5079872204472844,M,Masters Degree,Full-time,30,Full-time,40,0.0,0.0,N,None,None,5,31,22,116.1
11,07,214,0.6275659824046921,M,Masters Degree,Full-time,30,Full-time,40,0.0,0.0,N,None,None,5,31,22,116.1
11,08,142,0.5298507462686567,M,Masters Degree,Full-time,30,Full-time,40,0.0,0.0,N,None,None,5,31,22,116.1
11,09,86,0.4056603773584906,M,Masters Degree,Full-time,30,Full-time,40,0.0,0.0,N,None,None,5,31,22,116.1
11,10,134,0.638095238095238,M,Masters Degree,Full-time,30,Full-time,40,0.0,0.0,N,None,None,5,31,22,116.1
11,11,86,0.6231884057971014,M,Masters Degree,Full-time,30,Full-time,40,0.0,0.0,N,None,None,5,31,22,116.1
11,12,139,0.5325670498084292,M,Masters Degree,Full-time,30,Full-time,40,0.0,0.0,N,None,None,5,31,22,116.1
11,13,73,0.6697247706422018,M,Masters Degree,Full-time,30,Full-time,40,0.0,0.0,N,None,None,5,31,22,116.1
11,14,192,0.6736842105263158,M,Masters Degree,Full-time,30,Full-time,40,0.0,0.0,N,None,None,5,31,22,116.1
11,15,182,0.5432835820895522,M,Masters Degree,Full-time,30,Full-time,40,0.0,0.0,N,None,None,5,31,22,116.1
11,16,165,0.6762295081967213,M,Masters Degree,Full-time,30,Full-time,40,0.0,0.0,N,None,None,5,31,22,116.1
11,17,138,0.71875,M,Masters Degree,Full-time,30,Full-time,40,0.0,0.0,N,None,None,5,31,22,116.1
12,06,283,0.4772344013490725,M,Assoc Degree,Part-time,20,Full-time,40,0.0,0.0,N,None,None,3,35,20,106.6
12,07,257,0.7002724795640327,M,Assoc Degree,Part-time,20,Full-time,40,0.0,0.0,N,None,None,3,35,20,106.6
12,08,222,0.8014440433212996,M,Assoc Degree,Part-time,20,Full-time,40,0.0,0.0,N,None,None,3,35,20,106.6
12,09,107,0.656441717791411,M,Assoc Degree,Part-time,20,Full-time,40,0.0,0.0,N,None,None,3,35,20,106.6
12,10,183,0.6332179930795848,M,Assoc Degree,Part-time,20,Full-time,40,0.0,0.0,N,None,None,3,35,20,106.6
12,11,90,0.6666666666666666,M,Assoc Degree,Part-time,20,Full-time,40,0.0,0.0,N,None,None,3,35,20,106.6
12,12,158,0.7523809523809524,M,Assoc Degree,Part-time,20,Full-time,40,0.0,0.0,N,None,None,3,35,20,106.6
12,13,195,0.7276119402985075,M,Assoc Degree,Part-time,20,Full-time,40,0.0,0.0,N,None,None,3,35,20,106.6
12,14,242,0.6836158192090396,M,Assoc Degree,Part-time,20,Full-time,40,0.0,0.0,N,None,None,3,35,20,106.6
12,15,169,0.6014234875444839,M,Assoc Degree,Part-time,20,Full-time,40,0.0,0.0,N,None,None,3,35,20,106.6
12,16,232,0.672463768115942,M,Assoc Degree,Part-time,20,Full-time,40,0.0,0.0,N,None,None,3,35,20,106.6
12,17,190,0.5993690851735016,M,Assoc Degree,Part-time,20,Full-time,40,0.0,0.0,N,None,None,3,35,20,106.6
13,06,35,0.4605263157894737,M,Doctorate,Part-time,30,Full-time,50,2.0,2.0,Y,2+,Two,6,36,23,123.6
13,07,1,0.0625,M,Doctorate,Part-time,30,Full-time,50,2.0,2.0,Y,2+,Two,6,36,23,123.6
13,08,48,0.47058823529411764,M,Doctorate,Part-time,30,Full-time,50,2.0,2.0,Y,2+,Two,6,36,23,123.6
13,09,74,0.6491228070175439,M,Doctorate,Part-time,30,Full-time,50,2.0,2.0,Y,2+,Two,6,36,23,123.6
13,10,59,0.5566037735849056,M,Doctorate,Part-time,30,Full-time,50,2.0,2.0,Y,2+,Two,6,36,23,123.6
13,11,62,0.5210084033613446,M,Doctorate,Part-time,30,Full-time,50,2.0,2.0,Y,2+,Two,6,36,23,123.6
13,12,8,0.32,M,Doctorate,Part-time,30,Full-time,50,2.0,2.0,Y,2+,Two,6,36,23,123.6
13,13,37,0.5692307692307692,M,Doctorate,Part-time,30,Full-time,50,2.0,2.0,Y,2+,Two,6,36,23,123.6
13,14,44,0.8,M,Doctorate,Part-time,30,Full-time,50,2.0,2.0,Y,2+,Two,6,36,23,123.6
13,15,54,0.5869565217391305,M,Doctorate,Part-time,30,Full-time,50,2.0,2.0,Y,2+,Two,6,36,23,123.6
13,16,42,0.5,M,Doctorate,Part-time,30,Full-time,50,2.0,2.0,Y,2+,Two,6,36,23,123.6
13,17,54,0.7297297297297297,M,Doctorate,Part-time,30,Full-time,50,2.0,2.0,Y,2+,Two,6,36,23,123.6
14,06,96,0.6,F,Bachelors Degree,Home,0,Full-time,45,1.0,1.0,Y,One,One,4,37,21,111.4
14,07,80,0.3524229074889868,F,Bachelors Degree,Home,0,Full-time,45,1.0,1.0,Y,One,One,4,37,21,111.4
14,08,137,0.6954314720812182,F,Bachelors Degree,Home,0,Full-time,45,1.0,1.0,Y,One,One,4,37,21,111.4
14,09,152,0.7676767676767676,F,Bachelors Degree,Home,0,Full-time,45,1.0,1.0,Y,One,One,4,37,21,111.4
14,10,80,0.7619047619047619,F,Bachelors Degree,Home,0,Full-time,45,1.0,1.0,Y,One,One,4,37,21,111.4
14,11,66,0.66,F,Bachelors Degree,Home,0,Full-time,45,1.0,1.0,Y,One,One,4,37,21,111.4
14,12,75,0.47770700636942676,F,Bachelors Degree,Home,0,Full-time,45,1.0,1.0,Y,One,One,4,37,21,111.4
14,13,137,0.8353658536585366,F,Bachelors Degree,Home,0,Full-time,45,1.0,1.0,Y,One,One,4,37,21,111.4
14,14,140,0.42042042042042044,F,Bachelors Degree,Home,0,Full-time,45,1.0,1.0,Y,One,One,4,37,21,111.4
14,15,145,0.7107843137254902,F,Bachelors Degree,Home,0,Full-time,45,1.0,1.0,Y,One,One,4,37,21,111.4
14,16,150,0.6521739130434783,F,Bachelors Degree,Home,0,Full-time,45,1.0,1.0,Y,One,One,4,37,21,111.4
14,17,173,0.7238493723849372,F,Bachelors Degree,Home,0,Full-time,45,1.0,1.0,Y,One,One,4,37,21,111.4
15,06,35,0.625,M,Bachelors Degree,Home,0,Full-time,50,2.0,2.0,Y,2+,Two,4,42,21,116.1
15,07,27,0.8181818181818182,M,Bachelors Degree,Home,0,Full-time,50,2.0,2.0,Y,2+,Two,4,42,21,116.1
15,08,65,0.65,M,Bachelors Degree,Home,0,Full-time,50,2.0,2.0,Y,2+,Two,4,42,21,116.1
15,09,43,0.4942528735632184,M,Bachelors Degree,Home,0,Full-time,50,2.0,2.0,Y,2+,Two,4,42,21,116.1
15,10,102,0.6,M,Bachelors Degree,Home,0,Full-time,50,2.0,2.0,Y,2+,Two,4,42,21,116.1
15,11,32,0.6274509803921569,M,Bachelors Degree,Home,0,Full-time,50,2.0,2.0,Y,2+,Two,4,42,21,116.1
15,12,24,0.5454545454545454,M,Bachelors Degree,Home,0,Full-time,50,2.0,2.0,Y,2+,Two,4,42,21,116.1
15,13,34,0.5862068965517241,M,Bachelors Degree,Home,0,Full-time,50,2.0,2.0,Y,2+,Two,4,42,21,116.1
15,14,54,0.5934065934065934,M,Bachelors Degree,Home,0,Full-time,50,2.0,2.0,Y,2+,Two,4,42,21,116.1
15,15,31,0.5636363636363636,M,Bachelors Degree,Home,0,Full-time,50,2.0,2.0,Y,2+,Two,4,42,21,116.1
15,16,61,0.3674698795180723,M,Bachelors Degree,Home,0,Full-time,50,2.0,2.0,Y,2+,Two,4,42,21,116.1
15,17,87,0.5612903225806452,M,Bachelors Degree,Home,0,Full-time,50,2.0,2.0,Y,2+,Two,4,42,21,116.1
16,06,26,0.7027027027027027,M,Masters Degree,Full-time,40,Full-time,60,0.0,0.0,N,None,None,5,34,22,112.8
16,07,162,0.54,M,Masters Degree,Full-time,40,Full-time,60,0.0,0.0,N,None,None,5,34,22,112.8
16,08,135,0.5113636363636364,M,Masters Degree,Full-time,40,Full-time,60,0.0,0.0,N,None,None,5,34,22,112.8
16,09,1,0.5,M,Masters Degree,Full-time,40,Full-time,60,0.0,0.0,N,None,None,5,34,22,112.8
16,10,101,0.4410480349344978,M,Masters Degree,Full-time,40,Full-time,60,0.0,0.0,N,None,None,5,34,22,112.8
16,11,93,0.5254237288135594,M,Masters Degree,Full-time,40,Full-time,60,0.0,0.0,N,None,None,5,34,22,112.8
16,12,1,0.1111111111111111,M,Masters Degree,Full-time,40,Full-time,60,0.0,0.0,N,None,None,5,34,22,112.8
16,13,126,0.49411764705882355,M,Masters Degree,Full-time,40,Full-time,60,0.0,0.0,N,None,None,5,34,22,112.8
16,14,10,0.3333333333333333,M,Masters Degree,Full-time,40,Full-time,60,0.0,0.0,N,None,None,5,34,22,112.8
16,15,174,0.47540983606557374,M,Masters Degree,Full-time,40,Full-time,60,0.0,0.0,N,None,None,5,34,22,112.8
16,16,139,0.476027397260274,M,Masters Degree,Full-time,40,Full-time,60,0.0,0.0,N,None,None,5,34,22,112.8
16,17,169,0.5728813559322034,M,Masters Degree,Full-time,40,Full-time,60,0.0,0.0,N,None,None,5,34,22,112.8
17,07,172,0.5165165165165165,F,Masters Degree,Home,0,Full-time,40,1.0,1.0,Y,One,One,5,35,22,119.2
17,08,105,0.7720588235294118,F,Masters Degree,Home,0,Full-time,40,1.0,1.0,Y,One,One,5,35,22,119.2
17,09,78,0.5306122448979592,F,Masters Degree,Home,0,Full-time,40,1.0,1.0,Y,One,One,5,35,22,119.2
17,10,182,0.5852090032154341,F,Masters Degree,Home,0,Full-time,40,1.0,1.0,Y,One,One,5,35,22,119.2
17,11,55,0.4782608695652174,F,Masters Degree,Home,0,Full-time,40,1.0,1.0,Y,One,One,5,35,22,119.2
17,12,124,0.5299145299145299,F,Masters Degree,Home,0,Full-time,40,1.0,1.0,Y,One,One,5,35,22,119.2
17,13,133,0.4854014598540146,F,Masters Degree,Home,0,Full-time,40,1.0,1.0,Y,One,One,5,35,22,119.2
17,14,83,0.5,F,Masters Degree,Home,0,Full-time,40,1.0,1.0,Y,One,One,5,35,22,119.2
17,15,124,0.5081967213114754,F,Masters Degree,Home,0,Full-time,40,1.0,1.0,Y,One,One,5,35,22,119.2
17,16,170,0.4594594594594595,F,Masters Degree,Home,0,Full-time,40,1.0,1.0,Y,One,One,5,35,22,119.2
17,17,99,0.38976377952755903,F,Masters Degree,Home,0,Full-time,40,1.0,1.0,Y,One,One,5,35,22,119.2
18,06,188,0.7372549019607844,M,Assoc Degree,Full-time,40,Full-time,40,1.0,1.0,Y,One,One,3,37,24,117.1
18,07,191,0.7100371747211895,M,Assoc Degree,Full-time,40,Full-time,40,1.0,1.0,Y,One,One,3,37,24,117.1
18,08,120,0.6349206349206349,M,Assoc Degree,Full-time,40,Full-time,40,1.0,1.0,Y,One,One,3,37,24,117.1
18,09,114,0.6129032258064516,M,Assoc Degree,Full-time,40,Full-time,40,1.0,1.0,Y,One,One,3,37,24,117.1
18,10,87,0.635036496350365,M,Assoc Degree,Full-time,40,Full-time,40,1.0,1.0,Y,One,One,3,37,24,117.1
18,11,145,0.625,M,Assoc Degree,Full-time,40,Full-time,40,1.0,1.0,Y,One,One,3,37,24,117.1
18,12,57,0.7402597402597403,M,Assoc Degree,Full-time,40,Full-time,40,1.0,1.0,Y,One,One,3,37,24,117.1
18,13,74,0.45121951219512196,M,Assoc Degree,Full-time,40,Full-time,40,1.0,1.0,Y,One,One,3,37,24,117.1
18,14,72,0.6605504587155964,M,Assoc Degree,Full-time,40,Full-time,40,1.0,1.0,Y,One,One,3,37,24,117.1
18,15,64,0.6095238095238096,M,Assoc Degree,Full-time,40,Full-time,40,1.0,1.0,Y,One,One,3,37,24,117.1
18,16,119,0.595,M,Assoc Degree,Full-time,40,Full-time,40,1.0,1.0,Y,One,One,3,37,24,117.1
18,17,66,0.46808510638297873,M,Assoc Degree,Full-time,40,Full-time,40,1.0,1.0,Y,One,One,3,37,24,117.1
19,06,198,0.6923076923076923,F,Bachelors Degree,Part-time,6,Full-time,40,0.0,0.0,N,None,None,4,28,21,120.1
19,07,153,0.5134228187919463,F,Bachelors Degree,Part-time,6,Full-time,40,0.0,0.0,N,None,None,4,28,21,120.1
19,08,116,0.5829145728643216,F,Bachelors Degree,Part-time,6,Full-time,40,0.0,0.0,N,None,None,4,28,21,120.1
19,09,166,0.5992779783393501,F,Bachelors Degree,Part-time,6,Full-time,40,0.0,0.0,N,None,None,4,28,21,120.1
19,10,155,0.5656934306569343,F,Bachelors Degree,Part-time,6,Full-time,40,0.0,0.0,N,None,None,4,28,21,120.1
19,11,309,0.6106719367588933,F,Bachelors Degree,Part-time,6,Full-time,40,0.0,0.0,N,None,None,4,28,21,120.1
19,12,242,0.6836158192090396,F,Bachelors Degree,Part-time,6,Full-time,40,0.0,0.0,N,None,None,4,28,21,120.1
19,13,245,0.5246252676659529,F,Bachelors Degree,Part-time,6,Full-time,40,0.0,0.0,N,None,None,4,28,21,120.1
19,14,178,0.6223776223776224,F,Bachelors Degree,Part-time,6,Full-time,40,0.0,0.0,N,None,None,4,28,21,120.1
19,15,267,0.5766738660907127,F,Bachelors Degree,Part-time,6,Full-time,40,0.0,0.0,N,None,None,4,28,21,120.1
19,16,158,0.4030612244897959,F,Bachelors Degree,Part-time,6,Full-time,40,0.0,0.0,N,None,None,4,28,21,120.1
19,17,373,0.6206322795341098,F,Bachelors Degree,Part-time,6,Full-time,40,0.0,0.0,N,None,None,4,28,21,120.1
20,06,135,0.6585365853658537,F,Assoc Degree,Part-time,25,Other,0,0.0,0.0,N,None,None,3,29,20,105.5
20,07,85,0.6343283582089553,F,Assoc Degree,Part-time,25,Other,0,0.0,0.0,N,None,None,3,29,20,105.5
20,08,106,0.6625,F,Assoc Degree,Part-time,25,Other,0,0.0,0.0,N,None,None,3,29,20,105.5
20,09,41,0.5774647887323944,F,Assoc Degree,Part-time,25,Other,0,0.0,0.0,N,None,None,3,29,20,105.5
20,10,39,0.4642857142857143,F,Assoc Degree,Part-time,25,Other,0,0.0,0.0,N,None,None,3,29,20,105.5
20,11,66,0.616822429906542,F,Assoc Degree,Part-time,25,Other,0,0.0,0.0,N,None,None,3,29,20,105.5
20,12,113,0.5594059405940595,F,Assoc Degree,Part-time,25,Other,0,0.0,0.0,N,None,None,3,29,20,105.5
20,13,97,0.7185185185185186,F,Assoc Degree,Part-time,25,Other,0,0.0,0.0,N,None,None,3,29,20,105.5
20,14,51,0.4766355140186916,F,Assoc Degree,Part-time,25,Other,0,0.0,0.0,N,None,None,3,29,20,105.5
20,15,73,0.584,F,Assoc Degree,Part-time,25,Other,0,0.0,0.0,N,None,None,3,29,20,105.5
20,16,96,0.5614035087719298,F,Assoc Degree,Part-time,25,Other,0,0.0,0.0,N,None,None,3,29,20,105.5
20,17,183,0.7887931034482759,F,Assoc Degree,Part-time,25,Other,0,0.0,0.0,N,None,None,3,29,20,105.5
21,06,43,0.86,M,Masters Degree,Full-time,30,Full-time,50,0.0,0.0,N,None,None,5,33,22,111.4
21,07,68,0.6868686868686869,M,Masters Degree,Full-time,30,Full-time,50,0.0,0.0,N,None,None,5,33,22,111.4
21,08,84,0.8235294117647058,M,Masters Degree,Full-time,30,Full-time,50,0.0,0.0,N,None,None,5,33,22,111.4
21,09,114,0.8571428571428571,M,Masters Degree,Full-time,30,Full-time,50,0.0,0.0,N,None,None,5,33,22,111.4
21,10,85,0.7456140350877193,M,Masters Degree,Full-time,30,Full-time,50,0.0,0.0,N,None,None,5,33,22,111.4
21,11,34,0.7391304347826086,M,Masters Degree,Full-time,30,Full-time,50,0.0,0.0,N,None,None,5,33,22,111.4
21,12,102,0.7786259541984732,M,Masters Degree,Full-time,30,Full-time,50,0.0,0.0,N,None,None,5,33,22,111.4
21,13,66,0.7096774193548387,M,Masters Degree,Full-time,30,Full-time,50,0.0,0.0,N,None,None,5,33,22,111.4
21,14,87,0.7699115044247787,M,Masters Degree,Full-time,30,Full-time,50,0.0,0.0,N,None,None,5,33,22,111.4
21,15,238,0.6742209631728046,M,Masters Degree,Full-time,30,Full-time,50,0.0,0.0,N,None,None,5,33,22,111.4
21,16,33,0.7021276595744681,M,Masters Degree,Full-time,30,Full-time,50,0.0,0.0,N,None,None,5,33,22,111.4
21,17,74,0.7551020408163265,M,Masters Degree,Full-time,30,Full-time,50,0.0,0.0,N,None,None,5,33,22,111.4
22,06,130,0.37572254335260113,F,Bachelors Degree,Part-time,21,Full-time,40,0.0,0.0,N,None,None,4,35,21,110.8
22,07,82,0.6890756302521008,F,Bachelors Degree,Part-time,21,Full-time,40,0.0,0.0,N,None,None,4,35,21,110.8
22,08,100,0.5813953488372093,F,Bachelors Degree,Part-time,21,Full-time,40,0.0,0.0,N,None,None,4,35,21,110.8
22,09,125,0.6218905472636815,F,Bachelors Degree,Part-time,21,Full-time,40,0.0,0.0,N,None,None,4,35,21,110.8
22,10,100,0.7874015748031497,F,Bachelors Degree,Part-time,21,Full-time,40,0.0,0.0,N,None,None,4,35,21,110.8
22,11,67,0.8170731707317073,F,Bachelors Degree,Part-time,21,Full-time,40,0.0,0.0,N,None,None,4,35,21,110.8
22,12,146,0.8295454545454546,F,Bachelors Degree,Part-time,21,Full-time,40,0.0,0.0,N,None,None,4,35,21,110.8
22,13,83,0.7614678899082569,F,Bachelors Degree,Part-time,21,Full-time,40,0.0,0.0,N,None,None,4,35,21,110.8
22,14,103,0.762962962962963,F,Bachelors Degree,Part-time,21,Full-time,40,0.0,0.0,N,None,None,4,35,21,110.8
22,15,85,0.6589147286821705,F,Bachelors Degree,Part-time,21,Full-time,40,0.0,0.0,N,None,None,4,35,21,110.8
22,16,138,0.5872340425531914,F,Bachelors Degree,Part-time,21,Full-time,40,0.0,0.0,N,None,None,4,35,21,110.8
22,17,102,0.8360655737704918,F,Bachelors Degree,Part-time,21,Full-time,40,0.0,0.0,N,None,None,4,35,21,110.8
23,06,29,0.8285714285714286,M,Assoc Degree,Full-time,45,Full-time,40,4.0,4.0,Y,2+,Four,3,34,20,111.5
23,07,7,0.6363636363636364,M,Assoc Degree,Full-time,45,Full-time,40,4.0,4.0,Y,2+,Four,3,34,20,111.5
23,08,87,0.6904761904761905,M,Assoc Degree,Full-time,45,Full-time,40,4.0,4.0,Y,2+,Four,3,34,20,111.5
23,09,21,0.84,M,Assoc Degree,Full-time,45,Full-time,40,4.0,4.0,Y,2+,Four,3,34,20,111.5
23,10,46,0.71875,M,Assoc Degree,Full-time,45,Full-time,40,4.0,4.0,Y,2+,Four,3,34,20,111.5
23,11,44,0.7213114754098361,M,Assoc Degree,Full-time,45,Full-time,40,4.0,4.0,Y,2+,Four,3,34,20,111.5
23,12,70,0.6140350877192983,M,Assoc Degree,Full-time,45,Full-time,40,4.0,4.0,Y,2+,Four,3,34,20,111.5
23,13,45,0.3813559322033898,M,Assoc Degree,Full-time,45,Full-time,40,4.0,4.0,Y,2+,Four,3,34,20,111.5
23,14,47,0.7580645161290323,M,Assoc Degree,Full-time,45,Full-time,40,4.0,4.0,Y,2+,Four,3,34,20,111.5
23,15,83,0.453551912568306,M,Assoc Degree,Full-time,45,Full-time,40,4.0,4.0,Y,2+,Four,3,34,20,111.5
23,16,65,0.6435643564356436,M,Assoc Degree,Full-time,45,Full-time,40,4.0,4.0,Y,2+,Four,3,34,20,111.5
23,17,39,0.639344262295082,M,Assoc Degree,Full-time,45,Full-time,40,4.0,4.0,Y,2+,Four,3,34,20,111.5
25,06,88,0.6153846153846154,M,Bachelors Degree,Part-time,20,Full-time,40,0.0,0.0,N,None,None,4,27,21,106.0
25,07,107,0.7328767123287672,M,Bachelors Degree,Part-time,20,Full-time,40,0.0,0.0,N,None,None,4,27,21,106.0
25,08,67,0.6907216494845361,M,Bachelors Degree,Part-time,20,Full-time,40,0.0,0.0,N,None,None,4,27,21,106.0
25,09,79,0.6752136752136753,M,Bachelors Degree,Part-time,20,Full-time,40,0.0,0.0,N,None,None,4,27,21,106.0
25,10,98,0.6805555555555556,M,Bachelors Degree,Part-time,20,Full-time,40,0.0,0.0,N,None,None,4,27,21,106.0
25,11,46,0.7301587301587301,M,Bachelors Degree,Part-time,20,Full-time,40,0.0,0.0,N,None,None,4,27,21,106.0
25,12,82,0.640625,M,Bachelors Degree,Part-time,20,Full-time,40,0.0,0.0,N,None,None,4,27,21,106.0
25,13,112,0.8057553956834532,M,Bachelors Degree,Part-time,20,Full-time,40,0.0,0.0,N,None,None,4,27,21,106.0
25,14,125,0.7142857142857143,M,Bachelors Degree,Part-time,20,Full-time,40,0.0,0.0,N,None,None,4,27,21,106.0
25,15,111,0.6851851851851852,M,Bachelors Degree,Part-time,20,Full-time,40,0.0,0.0,N,None,None,4,27,21,106.0
25,16,75,0.635593220338983,M,Bachelors Degree,Part-time,20,Full-time,40,0.0,0.0,N,None,None,4,27,21,106.0
25,17,174,0.7631578947368421,M,Bachelors Degree,Part-time,20,Full-time,40,0.0,0.0,N,None,None,4,27,21,106.0
26,06,136,0.6415094339622641,F,Assoc Degree,Part-time,16,Full-time,40,1.0,1.0,Y,One,One,3,31,20,106.5
26,07,76,0.5467625899280576,F,Assoc Degree,Part-time,16,Full-time,40,1.0,1.0,Y,One,One,3,31,20,106.5
26,08,76,0.6972477064220184,F,Assoc Degree,Part-time,16,Full-time,40,1.0,1.0,Y,One,One,3,31,20,106.5
26,09,111,0.69375,F,Assoc Degree,Part-time,16,Full-time,40,1.0,1.0,Y,One,One,3,31,20,106.5
26,10,57,0.6551724137931034,F,Assoc Degree,Part-time,16,Full-time,40,1.0,1.0,Y,One,One,3,31,20,106.5
26,11,105,0.4772727272727273,F,Assoc Degree,Part-time,16,Full-time,40,1.0,1.0,Y,One,One,3,31,20,106.5
26,12,91,0.6791044776119403,F,Assoc Degree,Part-time,16,Full-time,40,1.0,1.0,Y,One,One,3,31,20,106.5
26,13,78,0.5652173913043478,F,Assoc Degree,Part-time,16,Full-time,40,1.0,1.0,Y,One,One,3,31,20,106.5
26,14,108,0.44081632653061226,F,Assoc Degree,Part-time,16,Full-time,40,1.0,1.0,Y,One,One,3,31,20,106.5
26,15,155,0.7635467980295566,F,Assoc Degree,Part-time,16,Full-time,40,1.0,1.0,Y,One,One,3,31,20,106.5
26,16,102,0.6144578313253012,F,Assoc Degree,Part-time,16,Full-time,40,1.0,1.0,Y,One,One,3,31,20,106.5
26,17,135,0.7714285714285715,F,Assoc Degree,Part-time,16,Full-time,40,1.0,1.0,Y,One,One,3,31,20,106.5
27,07,171,0.6380597014925373,M,Doctorate,Full-time,35,Home,0,0.0,0.0,N,None,None,6,42,24,121.2
27,08,71,0.7171717171717171,M,Doctorate,Full-time,35,Home,0,0.0,0.0,N,None,None,6,42,24,121.2
27,09,87,0.7767857142857143,M,Doctorate,Full-time,35,Home,0,0.0,0.0,N,None,None,6,42,24,121.2
27,10,80,0.6611570247933884,M,Doctorate,Full-time,35,Home,0,0.0,0.0,N,None,None,6,42,24,121.2
27,11,10,0.3225806451612903,M,Doctorate,Full-time,35,Home,0,0.0,0.0,N,None,None,6,42,24,121.2
27,13,120,0.6060606060606061,M,Doctorate,Full-time,35,Home,0,0.0,0.0,N,None,None,6,42,24,121.2
27,15,245,0.6314432989690721,M,Doctorate,Full-time,35,Home,0,0.0,0.0,N,None,None,6,42,24,121.2
27,16,28,0.3835616438356164,M,Doctorate,Full-time,35,Home,0,0.0,0.0,N,None,None,6,42,24,121.2
27,17,43,0.3805309734513274,M,Doctorate,Full-time,35,Home,0,0.0,0.0,N,None,None,6,42,24,121.2
28,06,104,0.7536231884057971,F,Masters Degree,Full-time,40,Full-time,40,0.0,0.0,N,None,None,5,32,22,108.6
28,07,36,0.7659574468085106,F,Masters Degree,Full-time,40,Full-time,40,0.0,0.0,N,None,None,5,32,22,108.6
28,08,241,0.8368055555555556,F,Masters Degree,Full-time,40,Full-time,40,0.0,0.0,N,None,None,5,32,22,108.6
28,09,92,0.71875,F,Masters Degree,Full-time,40,Full-time,40,0.0,0.0,N,None,None,5,32,22,108.6
28,10,138,0.6160714285714286,F,Masters Degree,Full-time,40,Full-time,40,0.0,0.0,N,None,None,5,32,22,108.6
28,11,137,0.6171171171171171,F,Masters Degree,Full-time,40,Full-time,40,0.0,0.0,N,None,None,5,32,22,108.6
28,12,109,0.7364864864864865,F,Masters Degree,Full-time,40,Full-time,40,0.0,0.0,N,None,None,5,32,22,108.6
28,13,70,0.7608695652173914,F,Masters Degree,Full-time,40,Full-time,40,0.0,0.0,N,None,None,5,32,22,108.6
28,14,168,0.7,F,Masters Degree,Full-time,40,Full-time,40,0.0,0.0,N,None,None,5,32,22,108.6
28,15,97,0.7293233082706767,F,Masters Degree,Full-time,40,Full-time,40,0.0,0.0,N,None,None,5,32,22,108.6
28,16,147,0.6504424778761062,F,Masters Degree,Full-time,40,Full-time,40,0.0,0.0,N,None,None,5,32,22,108.6
28,17,192,0.732824427480916,F,Masters Degree,Full-time,40,Full-time,40,0.0,0.0,N,None,None,5,32,22,108.6
29,06,64,0.49230769230769234,F,Bachelors Degree,Full-time,40,Full-time,40,0.0,0.0,N,None,None,4,35,21,111.6
29,07,176,0.5945945945945946,F,Bachelors Degree,Full-time,40,Full-time,40,0.0,0.0,N,None,None,4,35,21,111.6
29,08,130,0.5579399141630901,F,Bachelors Degree,Full-time,40,Full-time,40,0.0,0.0,N,None,None,4,35,21,111.6
29,09,97,0.44907407407407407,F,Bachelors Degree,Full-time,40,Full-time,40,0.0,0.0,N,None,None,4,35,21,111.6
29,10,135,0.5212355212355212,F,Bachelors Degree,Full-time,40,Full-time,40,0.0,0.0,N,None,None,4,35,21,111.6
29,11,83,0.5845070422535211,F,Bachelors Degree,Full-time,40,Full-time,40,0.0,0.0,N,None,None,4,35,21,111.6
29,12,211,0.6279761904761905,F,Bachelors Degree,Full-time,40,Full-time,40,0.0,0.0,N,None,None,4,35,21,111.6
29,13,172,0.6564885496183206,F,Bachelors Degree,Full-time,40,Full-time,40,0.0,0.0,N,None,None,4,35,21,111.6
29,14,139,0.562753036437247,F,Bachelors Degree,Full-time,40,Full-time,40,0.0,0.0,N,None,None,4,35,21,111.6
29,15,154,0.5855513307984791,F,Bachelors Degree,Full-time,40,Full-time,40,0.0,0.0,N,None,None,4,35,21,111.6
29,16,243,0.616751269035533,F,Bachelors Degree,Full-time,40,Full-time,40,0.0,0.0,N,None,None,4,35,21,111.6
29,17,224,0.5863874345549738,F,Bachelors Degree,Full-time,40,Full-time,40,0.0,0.0,N,None,None,4,35,21,111.6
30,06,130,0.6878306878306878,M,Masters Degree,Full-time,40,Other,0,0.0,0.0,N,None,None,5,38,22,126.5
30,07,40,0.5633802816901409,M,Masters Degree,Full-time,40,Other,0,0.0,0.0,N,None,None,5,38,22,126.5
30,08,25,0.6097560975609756,M,Masters Degree,Full-time,40,Other,0,0.0,0.0,N,None,None,5,38,22,126.5
30,09,57,0.5533980582524272,M,Masters Degree,Full-time,40,Other,0,0.0,0.0,N,None,None,5,38,22,126.5
30,10,93,0.5568862275449101,M,Masters Degree,Full-time,40,Other,0,0.0,0.0,N,None,None,5,38,22,126.5
30,11,246,0.6929577464788732,M,Masters Degree,Full-time,40,Other,0,0.0,0.0,N,None,None,5,38,22,126.5
30,12,163,0.649402390438247,M,Masters Degree,Full-time,40,Other,0,0.0,0.0,N,None,None,5,38,22,126.5
30,13,130,0.5439330543933054,M,Masters Degree,Full-time,40,Other,0,0.0,0.0,N,None,None,5,38,22,126.5
30,14,66,0.6947368421052632,M,Masters Degree,Full-time,40,Other,0,0.0,0.0,N,None,None,5,38,22,126.5
30,15,99,0.45,M,Masters Degree,Full-time,40,Other,0,0.0,0.0,N,None,None,5,38,22,126.5
30,16,135,0.7105263157894737,M,Masters Degree,Full-time,40,Other,0,0.0,0.0,N,None,None,5,38,22,126.5
30,17,92,0.696969696969697,M,Masters Degree,Full-time,40,Other,0,0.0,0.0,N,None,None,5,38,22,126.5
31,06,113,0.5678391959798995,F,Masters Degree,Full-time,40,Home,0,1.0,1.0,Y,One,One,5,35,22,121.4
31,07,68,0.5230769230769231,F,Masters Degree,Full-time,40,Home,0,1.0,1.0,Y,One,One,5,35,22,121.4
31,08,37,0.5362318840579711,F,Masters Degree,Full-time,40,Home,0,1.0,1.0,Y,One,One,5,35,22,121.4
31,09,42,0.5384615384615384,F,Masters Degree,Full-time,40,Home,0,1.0,1.0,Y,One,One,5,35,22,121.4
31,10,63,0.32642487046632124,F,Masters Degree,Full-time,40,Home,0,1.0,1.0,Y,One,One,5,35,22,121.4
31,11,68,0.5862068965517241,F,Masters Degree,Full-time,40,Home,0,1.0,1.0,Y,One,One,5,35,22,121.4
31,12,45,0.6164383561643836,F,Masters Degree,Full-time,40,Home,0,1.0,1.0,Y,One,One,5,35,22,121.4
31,13,97,0.5159574468085106,F,Masters Degree,Full-time,40,Home,0,1.0,1.0,Y,One,One,5,35,22,121.4
31,14,31,0.2421875,F,Masters Degree,Full-time,40,Home,0,1.0,1.0,Y,One,One,5,35,22,121.4
31,15,60,0.38461538461538464,F,Masters Degree,Full-time,40,Home,0,1.0,1.0,Y,One,One,5,35,22,121.4
31,16,64,0.9142857142857143,F,Masters Degree,Full-time,40,Home,0,1.0,1.0,Y,One,One,5,35,22,121.4
31,17,64,0.6153846153846154,F,Masters Degree,Full-time,40,Home,0,1.0,1.0,Y,One,One,5,35,22,121.4
32,06,62,0.7380952380952381,F,Masters Degree,Full-time,40,Full-time,40,2.0,2.0,Y,2+,Two,5,32,22,121.4
32,07,103,0.7686567164179104,F,Masters Degree,Full-time,40,Full-time,40,2.0,2.0,Y,2+,Two,5,32,22,121.4
32,08,82,0.7192982456140351,F,Masters Degree,Full-time,40,Full-time,40,2.0,2.0,Y,2+,Two,5,32,22,121.4
32,09,146,0.7487179487179487,F,Masters Degree,Full-time,40,Full-time,40,2.0,2.0,Y,2+,Two,5,32,22,121.4
32,10,88,0.6197183098591549,F,Masters Degree,Full-time,40,Full-time,40,2.0,2.0,Y,2+,Two,5,32,22,121.4
32,11,49,0.6282051282051282,F,Masters Degree,Full-time,40,Full-time,40,2.0,2.0,Y,2+,Two,5,32,22,121.4
32,12,167,0.9277777777777778,F,Masters Degree,Full-time,40,Full-time,40,2.0,2.0,Y,2+,Two,5,32,22,121.4
32,13,46,0.7076923076923077,F,Masters Degree,Full-time,40,Full-time,40,2.0,2.0,Y,2+,Two,5,32,22,121.4
32,14,37,0.6607142857142857,F,Masters Degree,Full-time,40,Full-time,40,2.0,2.0,Y,2+,Two,5,32,22,121.4
32,15,103,0.64375,F,Masters Degree,Full-time,40,Full-time,40,2.0,2.0,Y,2+,Two,5,32,22,121.4
32,16,107,0.6903225806451613,F,Masters Degree,Full-time,40,Full-time,40,2.0,2.0,Y,2+,Two,5,32,22,121.4
32,17,147,0.5903614457831325,F,Masters Degree,Full-time,40,Full-time,40,2.0,2.0,Y,2+,Two,5,32,22,121.4
33,06,297,0.6428571428571429,M,Masters Degree,Home,0,Full-time,50,0.0,0.0,N,None,None,5,35,22,111.8
33,07,260,0.6666666666666666,M,Masters Degree,Home,0,Full-time,50,0.0,0.0,N,None,None,5,35,22,111.8
33,08,239,0.6424731182795699,M,Masters Degree,Home,0,Full-time,50,0.0,0.0,N,None,None,5,35,22,111.8
33,09,194,0.5574712643678161,M,Masters Degree,Home,0,Full-time,50,0.0,0.0,N,None,None,5,35,22,111.8
33,10,235,0.6056701030927835,M,Masters Degree,Home,0,Full-time,50,0.0,0.0,N,None,None,5,35,22,111.8
33,11,255,0.5483870967741935,M,Masters Degree,Home,0,Full-time,50,0.0,0.0,N,None,None,5,35,22,111.8
33,12,212,0.48735632183908045,M,Masters Degree,Home,0,Full-time,50,0.0,0.0,N,None,None,5,35,22,111.8
33,13,169,0.4300254452926209,M,Masters Degree,Home,0,Full-time,50,0.0,0.0,N,None,None,5,35,22,111.8
33,14,314,0.5233333333333333,M,Masters Degree,Home,0,Full-time,50,0.0,0.0,N,None,None,5,35,22,111.8
33,15,261,0.5673913043478261,M,Masters Degree,Home,0,Full-time,50,0.0,0.0,N,None,None,5,35,22,111.8
33,16,245,0.5751173708920188,M,Masters Degree,Home,0,Full-time,50,0.0,0.0,N,None,None,5,35,22,111.8
33,17,398,0.5400271370420624,M,Masters Degree,Home,0,Full-time,50,0.0,0.0,N,None,None,5,35,22,111.8
34,06,5,0.625,M,Assoc Degree,Full-time,40,Full-time,40,0.0,0.0,N,None,None,3,33,20,107.3
34,07,3,0.75,M,Assoc Degree,Full-time,40,Full-time,40,0.0,0.0,N,None,None,3,33,20,107.3
34,08,17,NA,M,Assoc Degree,Full-time,40,Full-time,40,0.0,0.0,N,None,None,3,33,20,107.3
34,09,NA,NA,M,Assoc Degree,Full-time,40,Full-time,40,0.0,0.0,N,None,None,3,33,20,107.3
34,11,1,0.1,M,Assoc Degree,Full-time,40,Full-time,40,0.0,0.0,N,None,None,3,33,20,107.3
34,12,23,0.7931034482758621,M,Assoc Degree,Full-time,40,Full-time,40,0.0,0.0,N,None,None,3,33,20,107.3
34,13,28,0.717948717948718,M,Assoc Degree,Full-time,40,Full-time,40,0.0,0.0,N,None,None,3,33,20,107.3
34,14,2,NA,M,Assoc Degree,Full-time,40,Full-time,40,0.0,0.0,N,None,None,3,33,20,107.3
34,15,30,0.44776119402985076,M,Assoc Degree,Full-time,40,Full-time,40,0.0,0.0,N,None,None,3,33,20,107.3
34,17,38,0.3584905660377358,M,Assoc Degree,Full-time,40,Full-time,40,0.0,0.0,N,None,None,3,33,20,107.3
35,06,168,0.6746987951807228,F,Some college,Home,0,Full-time,40,0.0,0.0,N,None,None,2,34,25,126.7
35,07,88,0.6068965517241379,F,Some college,Home,0,Full-time,40,0.0,0.0,N,None,None,2,34,25,126.7
35,08,36,0.45569620253164556,F,Some college,Home,0,Full-time,40,0.0,0.0,N,None,None,2,34,25,126.7
35,09,99,0.4900990099009901,F,Some college,Home,0,Full-time,40,0.0,0.0,N,None,None,2,34,25,126.7
35,10,56,0.5233644859813084,F,Some college,Home,0,Full-time,40,0.0,0.0,N,None,None,2,34,25,126.7
35,11,45,0.4090909090909091,F,Some college,Home,0,Full-time,40,0.0,0.0,N,None,None,2,34,25,126.7
35,12,172,0.688,F,Some college,Home,0,Full-time,40,0.0,0.0,N,None,None,2,34,25,126.7
35,13,162,0.5625,F,Some college,Home,0,Full-time,40,0.0,0.0,N,None,None,2,34,25,126.7
35,14,121,0.5475113122171946,F,Some college,Home,0,Full-time,40,0.0,0.0,N,None,None,2,34,25,126.7
35,15,244,0.6853932584269663,F,Some college,Home,0,Full-time,40,0.0,0.0,N,None,None,2,34,25,126.7
35,16,78,0.639344262295082,F,Some college,Home,0,Full-time,40,0.0,0.0,N,None,None,2,34,25,126.7
35,17,98,0.5414364640883977,F,Some college,Home,0,Full-time,40,0.0,0.0,N,None,None,2,34,25,126.7
36,06,121,0.5902439024390244,F,Masters Degree,Full-time,40,Full-time,50,3.0,3.0,Y,2+,Three,5,37,22,122.7
36,07,109,0.436,F,Masters Degree,Full-time,40,Full-time,50,3.0,3.0,Y,2+,Three,5,37,22,122.7
36,08,89,0.6742424242424242,F,Masters Degree,Full-time,40,Full-time,50,3.0,3.0,Y,2+,Three,5,37,22,122.7
36,09,39,0.4105263157894737,F,Masters Degree,Full-time,40,Full-time,50,3.0,3.0,Y,2+,Three,5,37,22,122.7
36,10,80,0.583941605839416,F,Masters Degree,Full-time,40,Full-time,50,3.0,3.0,Y,2+,Three,5,37,22,122.7
36,11,30,0.6666666666666666,F,Masters Degree,Full-time,40,Full-time,50,3.0,3.0,Y,2+,Three,5,37,22,122.7
36,12,5,0.29411764705882354,F,Masters Degree,Full-time,40,Full-time,50,3.0,3.0,Y,2+,Three,5,37,22,122.7
36,13,59,0.5130434782608696,F,Masters Degree,Full-time,40,Full-time,50,3.0,3.0,Y,2+,Three,5,37,22,122.7
36,14,12,0.5714285714285714,F,Masters Degree,Full-time,40,Full-time,50,3.0,3.0,Y,2+,Three,5,37,22,122.7
36,15,1,0.5,F,Masters Degree,Full-time,40,Full-time,50,3.0,3.0,Y,2+,Three,5,37,22,122.7
36,16,35,0.6363636363636364,F,Masters Degree,Full-time,40,Full-time,50,3.0,3.0,Y,2+,Three,5,37,22,122.7
36,17,71,0.5819672131147541,F,Masters Degree,Full-time,40,Full-time,50,3.0,3.0,Y,2+,Three,5,37,22,122.7
37,06,70,0.6422018348623854,M,Bachelors Degree,Home,0,Full-time,40,1.0,1.0,Y,One,One,4,31,21,113.9
37,07,53,0.6625,M,Bachelors Degree,Home,0,Full-time,40,1.0,1.0,Y,One,One,4,31,21,113.9
37,08,84,0.38009049773755654,M,Bachelors Degree,Home,0,Full-time,40,1.0,1.0,Y,One,One,4,31,21,113.9
37,09,40,0.31746031746031744,M,Bachelors Degree,Home,0,Full-time,40,1.0,1.0,Y,One,One,4,31,21,113.9
37,10,76,0.5,M,Bachelors Degree,Home,0,Full-time,40,1.0,1.0,Y,One,One,4,31,21,113.9
37,11,36,0.32432432432432434,M,Bachelors Degree,Home,0,Full-time,40,1.0,1.0,Y,One,One,4,31,21,113.9
37,12,59,0.7972972972972973,M,Bachelors Degree,Home,0,Full-time,40,1.0,1.0,Y,One,One,4,31,21,113.9
37,13,52,0.5777777777777777,M,Bachelors Degree,Home,0,Full-time,40,1.0,1.0,Y,One,One,4,31,21,113.9
37,14,58,0.651685393258427,M,Bachelors Degree,Home,0,Full-time,40,1.0,1.0,Y,One,One,4,31,21,113.9
37,15,47,0.5164835164835165,M,Bachelors Degree,Home,0,Full-time,40,1.0,1.0,Y,One,One,4,31,21,113.9
37,16,103,0.6242424242424243,M,Bachelors Degree,Home,0,Full-time,40,1.0,1.0,Y,One,One,4,31,21,113.9
37,17,64,0.5663716814159292,M,Bachelors Degree,Home,0,Full-time,40,1.0,1.0,Y,One,One,4,31,21,113.9
38,06,58,0.5087719298245614,F,Doctorate,Full-time,40,Full-time,40,1.0,1.0,Y,One,One,6,35,24,109.9
38,07,83,0.6102941176470589,F,Doctorate,Full-time,40,Full-time,40,1.0,1.0,Y,One,One,6,35,24,109.9
38,08,8,0.47058823529411764,F,Doctorate,Full-time,40,Full-time,40,1.0,1.0,Y,One,One,6,35,24,109.9
38,09,91,0.5833333333333334,F,Doctorate,Full-time,40,Full-time,40,1.0,1.0,Y,One,One,6,35,24,109.9
38,10,77,0.6814159292035398,F,Doctorate,Full-time,40,Full-time,40,1.0,1.0,Y,One,One,6,35,24,109.9
38,11,65,0.5241935483870968,F,Doctorate,Full-time,40,Full-time,40,1.0,1.0,Y,One,One,6,35,24,109.9
38,12,91,0.674074074074074,F,Doctorate,Full-time,40,Full-time,40,1.0,1.0,Y,One,One,6,35,24,109.9
38,13,92,0.6174496644295302,F,Doctorate,Full-time,40,Full-time,40,1.0,1.0,Y,One,One,6,35,24,109.9
38,14,45,0.569620253164557,F,Doctorate,Full-time,40,Full-time,40,1.0,1.0,Y,One,One,6,35,24,109.9
38,15,112,0.6829268292682927,F,Doctorate,Full-time,40,Full-time,40,1.0,1.0,Y,One,One,6,35,24,109.9
38,16,18,0.8181818181818182,F,Doctorate,Full-time,40,Full-time,40,1.0,1.0,Y,One,One,6,35,24,109.9
38,17,105,0.6687898089171974,F,Doctorate,Full-time,40,Full-time,40,1.0,1.0,Y,One,One,6,35,24,109.9
39,06,158,0.6960352422907489,F,Some college,Home,0,Full-time,45,2.0,2.0,Y,2+,Two,2,28,25,111.0
39,07,81,0.5436241610738255,F,Some college,Home,0,Full-time,45,2.0,2.0,Y,2+,Two,2,28,25,111.0
39,08,44,0.6376811594202898,F,Some college,Home,0,Full-time,45,2.0,2.0,Y,2+,Two,2,28,25,111.0
39,09,48,0.6666666666666666,F,Some college,Home,0,Full-time,45,2.0,2.0,Y,2+,Two,2,28,25,111.0
39,10,30,0.3,F,Some college,Home,0,Full-time,45,2.0,2.0,Y,2+,Two,2,28,25,111.0
39,11,64,0.4413793103448276,F,Some college,Home,0,Full-time,45,2.0,2.0,Y,2+,Two,2,28,25,111.0
39,12,26,0.43333333333333335,F,Some college,Home,0,Full-time,45,2.0,2.0,Y,2+,Two,2,28,25,111.0
39,13,30,0.37037037037037035,F,Some college,Home,0,Full-time,45,2.0,2.0,Y,2+,Two,2,28,25,111.0
39,14,28,0.3835616438356164,F,Some college,Home,0,Full-time,45,2.0,2.0,Y,2+,Two,2,28,25,111.0
39,15,53,0.31176470588235294,F,Some college,Home,0,Full-time,45,2.0,2.0,Y,2+,Two,2,28,25,111.0
39,16,100,0.45662100456621,F,Some college,Home,0,Full-time,45,2.0,2.0,Y,2+,Two,2,28,25,111.0
39,17,89,0.5393939393939394,F,Some college,Home,0,Full-time,45,2.0,2.0,Y,2+,Two,2,28,25,111.0
40,06,16,0.5333333333333333,M,Masters Degree,Home,0,Full-time,50,2.0,2.0,Y,2+,Two,5,34,22,117.8
40,07,27,0.4576271186440678,M,Masters Degree,Home,0,Full-time,50,2.0,2.0,Y,2+,Two,5,34,22,117.8
40,08,39,0.7222222222222222,M,Masters Degree,Home,0,Full-time,50,2.0,2.0,Y,2+,Two,5,34,22,117.8
40,09,22,0.6666666666666666,M,Masters Degree,Home,0,Full-time,50,2.0,2.0,Y,2+,Two,5,34,22,117.8
40,10,120,0.7453416149068323,M,Masters Degree,Home,0,Full-time,50,2.0,2.0,Y,2+,Two,5,34,22,117.8
40,11,68,0.7083333333333334,M,Masters Degree,Home,0,Full-time,50,2.0,2.0,Y,2+,Two,5,34,22,117.8
40,12,12,0.6,M,Masters Degree,Home,0,Full-time,50,2.0,2.0,Y,2+,Two,5,34,22,117.8
40,13,54,0.375,M,Masters Degree,Home,0,Full-time,50,2.0,2.0,Y,2+,Two,5,34,22,117.8
40,14,54,0.4954128440366973,M,Masters Degree,Home,0,Full-time,50,2.0,2.0,Y,2+,Two,5,34,22,117.8
40,15,65,0.5909090909090909,M,Masters Degree,Home,0,Full-time,50,2.0,2.0,Y,2+,Two,5,34,22,117.8
40,16,40,0.8163265306122449,M,Masters Degree,Home,0,Full-time,50,2.0,2.0,Y,2+,Two,5,34,22,117.8
40,17,13,0.8125,M,Masters Degree,Home,0,Full-time,50,2.0,2.0,Y,2+,Two,5,34,22,117.8
41,06,109,0.7785714285714286,M,Masters Degree,Home,0,Full-time,40,1.0,1.0,Y,One,One,5,41,22,102.2
41,07,134,0.6320754716981132,M,Masters Degree,Home,0,Full-time,40,1.0,1.0,Y,One,One,5,41,22,102.2
41,08,59,0.5619047619047619,M,Masters Degree,Home,0,Full-time,40,1.0,1.0,Y,One,One,5,41,22,102.2
41,09,83,0.5886524822695035,M,Masters Degree,Home,0,Full-time,40,1.0,1.0,Y,One,One,5,41,22,102.2
41,10,254,0.7257142857142858,M,Masters Degree,Home,0,Full-time,40,1.0,1.0,Y,One,One,5,41,22,102.2
41,11,223,0.6737160120845922,M,Masters Degree,Home,0,Full-time,40,1.0,1.0,Y,One,One,5,41,22,102.2
41,12,91,0.6546762589928058,M,Masters Degree,Home,0,Full-time,40,1.0,1.0,Y,One,One,5,41,22,102.2
41,13,138,0.5267175572519084,M,Masters Degree,Home,0,Full-time,40,1.0,1.0,Y,One,One,5,41,22,102.2
41,14,251,0.7050561797752809,M,Masters Degree,Home,0,Full-time,40,1.0,1.0,Y,One,One,5,41,22,102.2
41,15,153,0.6652173913043479,M,Masters Degree,Home,0,Full-time,40,1.0,1.0,Y,One,One,5,41,22,102.2
41,16,223,0.7433333333333333,M,Masters Degree,Home,0,Full-time,40,1.0,1.0,Y,One,One,5,41,22,102.2
41,17,221,0.6104972375690608,M,Masters Degree,Home,0,Full-time,40,1.0,1.0,Y,One,One,5,41,22,102.2
42,06,122,0.7672955974842768,F,Masters Degree,Home,0,Full-time,40,1.0,1.0,Y,One,One,5,41,22,102.2
42,07,142,0.5867768595041323,F,Masters Degree,Home,0,Full-time,40,1.0,1.0,Y,One,One,5,41,22,102.2
42,08,72,0.5373134328358209,F,Masters Degree,Home,0,Full-time,40,1.0,1.0,Y,One,One,5,41,22,102.2
42,09,99,0.5963855421686747,F,Masters Degree,Home,0,Full-time,40,1.0,1.0,Y,One,One,5,41,22,102.2
42,10,227,0.709375,F,Masters Degree,Home,0,Full-time,40,1.0,1.0,Y,One,One,5,41,22,102.2
42,11,246,0.6356589147286822,F,Masters Degree,Home,0,Full-time,40,1.0,1.0,Y,One,One,5,41,22,102.2
42,12,93,0.5502958579881657,F,Masters Degree,Home,0,Full-time,40,1.0,1.0,Y,One,One,5,41,22,102.2
42,13,107,0.4885844748858447,F,Masters Degree,Home,0,Full-time,40,1.0,1.0,Y,One,One,5,41,22,102.2
42,14,231,0.6916167664670658,F,Masters Degree,Home,0,Full-time,40,1.0,1.0,Y,One,One,5,41,22,102.2
42,15,159,0.7035398230088495,F,Masters Degree,Home,0,Full-time,40,1.0,1.0,Y,One,One,5,41,22,102.2
42,16,200,0.7352941176470589,F,Masters Degree,Home,0,Full-time,40,1.0,1.0,Y,One,One,5,41,22,102.2
42,17,173,0.596551724137931,F,Masters Degree,Home,0,Full-time,40,1.0,1.0,Y,One,One,5,41,22,102.2
43,06,98,0.4049586776859504,F,High School,Home,0,Full-time,40,0.0,0.0,N,None,None,1,23,16,113.2
43,07,90,0.46632124352331605,F,High School,Home,0,Full-time,40,0.0,0.0,N,None,None,1,23,16,113.2
43,08,107,0.6858974358974359,F,High School,Home,0,Full-time,40,0.0,0.0,N,None,None,1,23,16,113.2
43,09,126,0.72,F,High School,Home,0,Full-time,40,0.0,0.0,N,None,None,1,23,16,113.2
43,10,129,0.542016806722689,F,High School,Home,0,Full-time,40,0.0,0.0,N,None,None,1,23,16,113.2
43,11,137,0.46757679180887374,F,High School,Home,0,Full-time,40,0.0,0.0,N,None,None,1,23,16,113.2
43,12,163,0.7990196078431373,F,High School,Home,0,Full-time,40,0.0,0.0,N,None,None,1,23,16,113.2
43,13,228,0.6063829787234043,F,High School,Home,0,Full-time,40,0.0,0.0,N,None,None,1,23,16,113.2
43,14,235,0.7833333333333333,F,High School,Home,0,Full-time,40,0.0,0.0,N,None,None,1,23,16,113.2
43,15,194,0.749034749034749,F,High School,Home,0,Full-time,40,0.0,0.0,N,None,None,1,23,16,113.2
43,16,136,0.6834170854271356,F,High School,Home,0,Full-time,40,0.0,0.0,N,None,None,1,23,16,113.2
43,17,128,0.6918918918918919,F,High School,Home,0,Full-time,40,0.0,0.0,N,None,None,1,23,16,113.2
44,06,81,0.6532258064516129,F,Assoc Degree,Home,0,Full-time,40,3.0,3.0,Y,2+,Three,3,37,25,98.0
44,07,42,0.7924528301886793,F,Assoc Degree,Home,0,Full-time,40,3.0,3.0,Y,2+,Three,3,37,25,98.0
44,08,50,0.8333333333333334,F,Assoc Degree,Home,0,Full-time,40,3.0,3.0,Y,2+,Three,3,37,25,98.0
44,09,81,0.6864406779661016,F,Assoc Degree,Home,0,Full-time,40,3.0,3.0,Y,2+,Three,3,37,25,98.0
44,10,43,0.589041095890411,F,Assoc Degree,Home,0,Full-time,40,3.0,3.0,Y,2+,Three,3,37,25,98.0
44,11,61,0.45185185185185184,F,Assoc Degree,Home,0,Full-time,40,3.0,3.0,Y,2+,Three,3,37,25,98.0
44,12,98,0.7153284671532847,F,Assoc Degree,Home,0,Full-time,40,3.0,3.0,Y,2+,Three,3,37,25,98.0
44,13,55,0.7857142857142857,F,Assoc Degree,Home,0,Full-time,40,3.0,3.0,Y,2+,Three,3,37,25,98.0
44,14,46,0.39316239316239315,F,Assoc Degree,Home,0,Full-time,40,3.0,3.0,Y,2+,Three,3,37,25,98.0
44,15,103,0.48130841121495327,F,Assoc Degree,Home,0,Full-time,40,3.0,3.0,Y,2+,Three,3,37,25,98.0
44,16,116,0.6590909090909091,F,Assoc Degree,Home,0,Full-time,40,3.0,3.0,Y,2+,Three,3,37,25,98.0
44,17,41,0.640625,F,Assoc Degree,Home,0,Full-time,40,3.0,3.0,Y,2+,Three,3,37,25,98.0
45,06,90,0.6716417910447762,M,Bachelors Degree,Home,0,Full-time,40,1.0,1.0,Y,One,One,4,27,28,110.9
45,07,161,0.8563829787234043,M,Bachelors Degree,Home,0,Full-time,40,1.0,1.0,Y,One,One,4,27,28,110.9
45,08,37,0.5362318840579711,M,Bachelors Degree,Home,0,Full-time,40,1.0,1.0,Y,One,One,4,27,28,110.9
45,09,85,0.7327586206896551,M,Bachelors Degree,Home,0,Full-time,40,1.0,1.0,Y,One,One,4,27,28,110.9
45,10,24,0.6153846153846154,M,Bachelors Degree,Home,0,Full-time,40,1.0,1.0,Y,One,One,4,27,28,110.9
45,11,35,0.35714285714285715,M,Bachelors Degree,Home,0,Full-time,40,1.0,1.0,Y,One,One,4,27,28,110.9
45,12,86,0.5308641975308642,M,Bachelors Degree,Home,0,Full-time,40,1.0,1.0,Y,One,One,4,27,28,110.9
45,13,70,0.5882352941176471,M,Bachelors Degree,Home,0,Full-time,40,1.0,1.0,Y,One,One,4,27,28,110.9
45,14,72,0.5853658536585366,M,Bachelors Degree,Home,0,Full-time,40,1.0,1.0,Y,One,One,4,27,28,110.9
45,15,96,0.40336134453781514,M,Bachelors Degree,Home,0,Full-time,40,1.0,1.0,Y,One,One,4,27,28,110.9
45,16,109,0.6193181818181818,M,Bachelors Degree,Home,0,Full-time,40,1.0,1.0,Y,One,One,4,27,28,110.9
45,17,48,0.42857142857142855,M,Bachelors Degree,Home,0,Full-time,40,1.0,1.0,Y,One,One,4,27,28,110.9
46,06,48,0.7384615384615385,M,Bachelors Degree,Part-time,16,Other,NA,0.0,0.0,N,None,None,4,31,21,118.1
46,07,36,0.5714285714285714,M,Bachelors Degree,Part-time,16,Other,NA,0.0,0.0,N,None,None,4,31,21,118.1
46,08,114,0.6826347305389222,M,Bachelors Degree,Part-time,16,Other,NA,0.0,0.0,N,None,None,4,31,21,118.1
46,09,72,0.8181818181818182,M,Bachelors Degree,Part-time,16,Other,NA,0.0,0.0,N,None,None,4,31,21,118.1
46,10,17,0.53125,M,Bachelors Degree,Part-time,16,Other,NA,0.0,0.0,N,None,None,4,31,21,118.1
46,11,62,0.8266666666666667,M,Bachelors Degree,Part-time,16,Other,NA,0.0,0.0,N,None,None,4,31,21,118.1
46,12,84,0.6363636363636364,M,Bachelors Degree,Part-time,16,Other,NA,0.0,0.0,N,None,None,4,31,21,118.1
46,13,45,0.29605263157894735,M,Bachelors Degree,Part-time,16,Other,NA,0.0,0.0,N,None,None,4,31,21,118.1
46,14,69,0.46308724832214765,M,Bachelors Degree,Part-time,16,Other,NA,0.0,0.0,N,None,None,4,31,21,118.1
46,15,43,0.6056338028169014,M,Bachelors Degree,Part-time,16,Other,NA,0.0,0.0,N,None,None,4,31,21,118.1
46,16,39,0.43333333333333335,M,Bachelors Degree,Part-time,16,Other,NA,0.0,0.0,N,None,None,4,31,21,118.1
46,17,129,0.6323529411764706,M,Bachelors Degree,Part-time,16,Other,NA,0.0,0.0,N,None,None,4,31,21,118.1
